open_time,close_time,direction,entry,exit,sl,tp,sl_dist,pnl,result,label,balance,hull_green_m1,hull_green_m5,hull_dist_pct,ema200_dist_pct,bec3_body_atr,bec2_depth_atr,bec3_breakout_atr,sl_dist_atr,volume_ratio,rsi,vwap_dist_pct,hour_utc,day_of_week,atr_ratio,hull_slope_atr
2023-01-02 04:26:00+00:00,2023-01-02 04:32:00+00:00,short,16637.4286,16647.3571,16647.3571,16617.5714,9.9286,-50.0,loss,0,9950.0,0,0,-0.0986,0.1528,0.8167,2.1,3.5,2.3167,0.647,29.7872,0.0396,4,0,0.7154,1.1537
2023-01-04 15:33:00+00:00,2023-01-04 16:10:00+00:00,long,16813.8929,16854.1071,16793.7857,16854.1071,20.1071,100.0,win,1,10050.0,1,0,0.079,-0.0227,1.3176,2.3059,0.7412,3.3118,0.6815,57.9832,-0.0151,15,2,0.5365,0.6355
2023-01-06 20:38:00+00:00,2023-01-06 20:51:00+00:00,short,16939.1536,16910.5464,16953.4571,16910.5464,14.3036,100.0,win,1,10150.0,0,1,-0.0628,0.3188,0.612,0.153,2.6011,2.1885,0.4042,40.7143,0.7433,20,4,0.4468,0.8903
2023-01-07 02:35:00+00:00,2023-01-07 02:52:00+00:00,long,16937.875,16934.5,16934.5,16944.625,3.375,-50.0,loss,0,10100.0,1,0,0.017,-0.0219,1.2,2.0,0.8,2.7,1.7161,57.6923,-0.042,2,5,0.9605,0.1527
2023-01-09 18:49:00+00:00,2023-01-09 19:58:00+00:00,short,17330.3393,17288.1607,17351.4286,17288.1607,21.0893,100.0,win,1,10200.0,0,1,-0.0149,0.0611,1.0128,3.2766,4.4681,2.5128,0.6284,30.4348,0.5542,18,0,1.3746,0.519
2023-01-10 16:28:00+00:00,2023-01-10 16:45:00+00:00,short,17302.7214,17271.0786,17318.5429,17271.0786,15.8214,100.0,win,1,10300.0,0,1,-0.1053,0.1382,0.6238,0.3465,2.8416,2.1931,1.0346,39.3939,0.3145,16,1,0.943,0.2404
2023-01-11 17:48:00+00:00,2023-01-11 17:52:00+00:00,short,17370.7679,17379.7857,17379.7857,17352.7321,9.0179,-50.0,loss,0,10250.0,0,1,-0.0646,-0.0017,1.8667,0.9333,1.8667,3.3667,0.4636,37.5,-0.1733,17,2,0.8326,0.422
2023-01-15 02:19:00+00:00,2023-01-15 02:27:00+00:00,short,20740.4179,20771.1857,20771.1857,20678.8821,30.7679,-50.0,loss,0,10200.0,0,0,-0.1433,-0.3436,0.6348,0.1058,0.8111,2.17,0.6562,33.4862,-0.0667,2,6,1.0294,0.5681
2023-01-16 16:04:00+00:00,2023-01-16 16:13:00+00:00,short,20959.2607,21021.6714,21021.6714,20834.4393,62.4107,-50.0,loss,0,10150.0,0,1,-0.269,0.3854,0.7245,1.1772,2.4088,2.2607,0.3364,39.9072,-0.1376,16,0,0.721,0.1659
2023-01-17 11:06:00+00:00,2023-01-17 11:54:00+00:00,long,21135.475,21191.225,21107.6,21191.225,27.875,100.0,win,1,10250.0,1,0,0.0456,0.0011,1.1707,3.7561,2.0,2.7195,0.4762,52.7197,0.2074,11,1,1.0319,0.1733
2023-01-22 23:24:00+00:00,2023-01-22 23:38:00+00:00,short,22676.975,22716.6,22716.6,22597.725,39.625,-50.0,loss,0,10200.0,0,1,-0.2992,0.2269,1.1864,0.8136,1.9322,2.6864,0.2903,30.6306,-0.2833,23,6,0.7023,0.4811
2023-01-23 02:29:00+00:00,2023-01-23 02:42:00+00:00,long,22735.0321,22704.5143,22704.5143,22796.0679,30.5179,-50.0,loss,0,10150.0,1,0,0.0173,0.0671,1.6531,2.893,1.1882,3.1531,1.2701,52.9167,-0.0218,2,0,0.9901,0.1305
2023-01-24 02:31:00+00:00,2023-01-24 05:42:00+00:00,short,23095.05,23149.8,23149.8,22985.55,54.75,-50.0,loss,0,10100.0,0,1,-0.2101,0.376,2.0323,1.7742,2.5806,3.5323,0.7592,41.2903,0.2644,2,1,1.0436,0.1365
2023-01-25 07:02:00+00:00,2023-01-25 07:08:00+00:00,short,22706.5,22730.0,22730.0,22659.5,23.5,-50.0,loss,0,10050.0,0,1,-0.1222,0.1831,0.8,0.4,2.45,2.35,0.7247,37.1069,0.6952,7,2,1.2052,0.2595
2023-01-25 18:39:00+00:00,2023-01-25 18:45:00+00:00,short,22620.5714,22646.6429,22646.6429,22568.4286,26.0714,-50.0,loss,0,10000.0,0,1,-0.0762,0.0796,0.9333,0.7933,1.7267,2.4333,0.1674,42.4658,0.2076,18,2,0.9015,0.3843
2023-01-27 17:11:00+00:00,2023-01-27 17:15:00+00:00,short,23095.4429,23136.5857,23136.5857,23013.1571,41.1429,-50.0,loss,0,9950.0,0,1,-0.1442,0.2401,0.6176,1.261,4.0404,2.1176,0.5442,37.0031,0.7795,17,4,1.0696,0.1553
2023-01-27 23:51:00+00:00,2023-01-27 23:59:00+00:00,short,23040.8786,23063.5571,23063.5571,22995.5214,22.6786,-50.0,loss,0,9900.0,0,1,-0.1073,-0.2064,1.0813,1.6504,3.0163,2.5813,0.4526,33.9506,0.0805,23,4,0.892,0.38
2023-01-28 11:52:00+00:00,2023-01-28 12:02:00+00:00,long,22991.0821,22978.3143,22978.3143,23016.6179,12.7679,-50.0,loss,0,9850.0,1,0,0.0136,0.0206,1.5556,6.9402,4.7863,3.0556,0.2712,69.9029,-0.2092,11,5,0.6126,0.4512
2023-01-28 16:43:00+00:00,2023-01-28 17:18:00+00:00,short,23026.0821,22992.6179,23042.8143,22992.6179,16.7321,100.0,win,1,9950.0,0,1,-0.0462,0.1075,1.3742,1.3742,2.8344,2.8742,1.1023,44.8529,0.0538,16,5,1.0472,0.1392
2023-01-29 02:48:00+00:00,2023-01-29 02:50:00+00:00,long,23175.9536,23153.7571,23153.7571,23220.3464,22.1964,-50.0,loss,0,9900.0,1,0,0.0912,0.0965,0.6212,3.6792,1.4334,2.1212,1.457,61.3636,-0.3465,2,6,0.4083,0.57
2023-01-29 05:20:00+00:00,2023-01-29 05:36:00+00:00,short,23199.6571,23220.5143,23220.5143,23157.9429,20.8571,-50.0,loss,0,9850.0,0,1,-0.0403,0.0832,1.6739,1.75,2.7391,3.1739,0.5489,39.8844,-0.1793,5,6,0.8364,0.6734
2023-01-29 21:58:00+00:00,2023-01-29 22:11:00+00:00,short,23788.4643,23823.4286,23823.4286,23718.5357,34.9643,-50.0,loss,0,9800.0,0,0,-0.1432,0.1638,0.6829,0.3073,1.2976,2.3878,0.1894,40.5018,1.279,21,6,1.0209,0.1262
2023-01-31 19:16:00+00:00,2023-01-31 19:35:00+00:00,short,23104.0536,23136.8571,23136.8571,23038.4464,32.8036,-50.0,loss,0,9750.0,0,1,-0.1847,-0.086,1.3288,1.8034,4.1288,3.1136,1.2123,21.3389,0.5513,19,1,1.2495,0.7153
2023-02-01 11:48:00+00:00,2023-02-01 12:08:00+00:00,short,23066.8,23089.8,23089.8,23020.8,23.0,-50.0,loss,0,9700.0,0,1,-0.15,0.171,1.375,1.25,2.125,2.875,1.1876,39.5683,0.0425,11,2,0.9905,0.2394
2023-02-01 12:43:00+00:00,2023-02-01 12:51:00+00:00,short,23082.9393,23057.7607,23095.5286,23057.7607,12.5893,100.0,win,1,9800.0,0,1,-0.0244,0.1353,1.3659,0.5691,2.8455,2.8659,0.3249,32.8767,0.1081,12,2,0.6326,0.1437
2023-02-02 01:28:00+00:00,2023-02-02 01:38:00+00:00,short,24076.9464,23971.5536,24129.6429,23971.5536,52.6964,100.0,win,1,9900.0,0,1,-0.0833,0.9432,1.1817,2.1321,2.8,2.7073,0.5345,53.0035,0.1134,1,3,0.4153,0.2742
2023-02-02 08:42:00+00:00,2023-02-02 09:14:00+00:00,short,23802.0714,23757.9286,23824.1429,23757.9286,22.0714,100.0,win,1,10000.0,0,1,-0.0966,-0.0619,0.56,0.3733,2.1,2.06,0.4546,22.4852,-0.635,8,3,1.0824,0.4909
2023-02-02 20:05:00+00:00,2023-02-02 21:03:00+00:00,long,23807.2786,23946.9214,23737.4571,23946.9214,69.8214,100.0,win,1,10100.0,1,0,0.047,-0.3096,1.6431,1.5756,0.2701,3.1431,2.0646,45.2381,-0.3048,20,3,0.6596,0.0405
2023-02-02 22:39:00+00:00,2023-02-02 23:23:00+00:00,long,23577.1321,23520.6143,23520.6143,23690.1679,56.5179,-50.0,loss,0,10050.0,1,0,0.0487,-0.5484,1.2849,2.0612,0.7763,3.0258,0.7169,53.7994,-1.1002,22,3,0.5719,0.2141
2023-02-05 18:21:00+00:00,2023-02-05 18:26:00+00:00,long,22936.5357,22888.0714,22888.0714,23033.4643,48.4643,-50.0,loss,0,10000.0,1,0,0.2272,-0.4289,0.9418,2.1891,0.4836,2.4673,0.4286,68.2796,-0.8493,18,6,0.6303,0.5695
2023-02-06 16:33:00+00:00,2023-02-06 16:39:00+00:00,short,23063.4143,22944.9857,23122.6286,22944.9857,59.2143,100.0,win,1,10100.0,0,1,-0.3322,0.6474,1.4627,0.1306,1.2276,3.0933,0.4569,25.817,0.7617,16,0,0.6903,0.5451
2023-02-07 17:16:00+00:00,2023-02-07 17:27:00+00:00,short,22951.7036,22904.5964,22975.2571,22904.5964,23.5536,100.0,win,1,10200.0,0,1,-0.1118,-0.0224,1.8477,0.7107,3.1269,3.3477,1.2441,40.146,0.0752,17,1,0.598,0.6631
2023-02-09 12:32:00+00:00,2023-02-09 12:38:00+00:00,short,22630.5714,22536.4286,22677.6429,22536.4286,47.0714,100.0,win,1,10300.0,0,0,-0.098,-0.2287,2.8933,4.9,5.6,4.3933,8.2574,35.7143,-0.005,12,3,1.5612,0.2838
2023-02-09 22:11:00+00:00,2023-02-09 22:20:00+00:00,long,21903.0214,21858.3429,21858.3429,21992.3786,44.6786,-50.0,loss,0,10250.0,1,1,0.2584,-0.5627,0.7329,2.9567,1.7942,2.2581,0.6061,64.4509,-2.0727,22,3,0.5455,0.5864
2023-02-10 08:28:00+00:00,2023-02-10 09:16:00+00:00,short,21891.1593,21852.3807,21910.5486,21852.3807,19.3893,100.0,win,1,10350.0,0,1,-0.0419,0.1304,0.5212,0.4483,2.3142,2.0212,0.6255,40.7821,0.2883,8,4,1.0115,0.159
2023-02-13 12:45:00+00:00,2023-02-13 12:48:00+00:00,short,21646.2864,21666.2829,21666.2829,21606.2936,19.9964,-50.0,loss,0,10300.0,0,1,-0.1788,0.0456,0.7558,0.5866,1.1958,2.2558,1.352,30.7902,-0.1276,12,0,0.8268,0.6921
2023-02-15 07:26:00+00:00,2023-02-15 07:32:00+00:00,long,22139.1636,22158.2564,22129.6171,22158.2564,9.5464,100.0,win,1,10400.0,1,1,0.0214,0.1188,2.5378,5.8369,4.2719,4.0378,19.5917,82.5397,0.1331,7,2,1.0275,1.1793
2023-02-17 22:37:00+00:00,2023-02-17 22:58:00+00:00,long,24474.255,24736.605,24343.08,24736.605,131.175,100.0,win,1,10500.0,1,0,0.3508,-0.2231,0.67,3.239,1.5848,2.17,0.418,58.6982,1.5321,22,4,1.0023,0.7634
2023-02-24 12:39:00+00:00,2023-02-24 13:27:00+00:00,short,23902.9086,23956.3371,23956.3371,23796.0514,53.4286,-50.0,loss,0,10450.0,0,1,-0.0697,0.0799,1.0948,0.2488,1.985,2.9542,0.7928,50.6053,-0.0609,12,4,1.0489,0.2133
2023-02-28 12:51:00+00:00,2023-02-28 13:00:00+00:00,short,23436.5886,23460.2171,23460.2171,23389.3314,23.6286,-50.0,loss,0,10400.0,0,1,-0.1079,0.2431,1.1592,1.9469,2.6559,2.6592,0.7324,34.7432,0.2754,12,1,0.7766,0.6627
2023-03-01 16:36:00+00:00,2023-03-01 16:47:00+00:00,long,23648.8643,23721.1357,23612.7286,23721.1357,36.1357,100.0,win,1,10500.0,1,0,0.1852,-0.1104,0.5761,1.9185,0.8815,2.0819,0.9201,67.5117,0.0068,16,2,0.7806,0.5707
2023-03-01 22:43:00+00:00,2023-03-01 23:32:00+00:00,long,23495.7493,23567.6707,23459.7886,23567.6707,35.9607,100.0,win,1,10600.0,1,1,0.1859,-0.0398,1.3752,1.783,0.6476,2.8752,0.3929,62.2727,-0.5213,22,2,0.9521,0.2283
2023-03-03 06:59:00+00:00,2023-03-03 07:01:00+00:00,short,22367.3564,22339.0636,22381.5029,22339.0636,14.1464,100.0,win,1,10700.0,0,1,-0.0227,-0.1137,1.5994,1.3803,2.6729,3.0994,0.4807,45.4023,-0.4978,6,4,0.5538,0.2196
2023-03-06 02:49:00+00:00,2023-03-06 04:31:00+00:00,long,22370.2614,22333.7829,22333.7829,22443.2186,36.4786,-50.0,loss,0,10650.0,1,0,0.0014,-0.0618,0.7262,1.2572,0.3235,2.2262,0.288,64.937,-0.0164,2,0,0.8114,0.1447
2023-03-06 16:23:00+00:00,2023-03-06 16:53:00+00:00,short,22505.3793,22534.3686,22534.3686,22447.4007,28.9893,-50.0,loss,0,10600.0,0,1,-0.1603,0.2189,0.9158,2.3658,3.4682,2.4582,0.9195,40.3681,0.4024,16,0,0.7649,0.7068
2023-03-07 10:44:00+00:00,2023-03-07 10:51:00+00:00,short,22385.3057,22371.9343,22391.9914,22371.9343,6.6857,100.0,win,1,10700.0,0,1,-0.0734,-0.0631,0.6869,1.5701,3.3037,2.1869,0.3712,12.3209,-0.2133,10,1,0.7305,0.981
2023-03-08 21:07:00+00:00,2023-03-08 21:36:00+00:00,short,22084.0643,22040.7357,22105.7286,22040.7357,21.6643,100.0,win,1,10800.0,0,1,-0.084,0.1962,0.7467,0.1244,2.3748,2.2467,0.6572,53.3223,0.1417,21,2,0.7409,0.2077
2023-03-11 03:42:00+00:00,2023-03-11 04:05:00+00:00,long,20396.455,20361.78,20361.78,20465.805,34.675,-50.0,loss,0,10750.0,1,0,0.2145,0.1809,0.699,3.6678,2.0623,2.3997,0.8711,75.3815,-0.1263,3,5,0.5839,0.7379
2023-03-11 22:44:00+00:00,2023-03-11 23:03:00+00:00,short,20323.9886,20368.7171,20368.7171,20234.5314,44.7286,-50.0,loss,0,10700.0,0,1,-0.1915,0.0615,1.5048,1.1756,3.1708,3.0048,0.6688,29.4521,0.4949,22,5,0.9683,0.7842
2023-03-13 21:05:00+00:00,2023-03-13 21:27:00+00:00,long,24204.4686,24157.2971,24157.2971,24298.8114,47.1714,-50.0,loss,0,10650.0,1,0,0.1221,0.2509,0.519,3.5944,2.2304,2.0233,1.3038,65.4461,4.9165,21,0,0.7564,0.1997
2023-03-15 21:02:00+00:00,2023-03-15 21:07:00+00:00,short,24296.4371,24375.3943,24375.3943,24138.5229,78.9571,-50.0,loss,0,10600.0,0,1,-0.2962,-0.181,1.8013,1.044,2.7427,3.3784,1.4753,22.3617,-1.255,21,2,0.8607,0.5219
2023-03-16 02:55:00+00:00,2023-03-16 03:05:00+00:00,short,24388.885,24311.535,24427.56,24311.535,38.675,100.0,win,1,10700.0,0,1,-0.0293,0.2071,0.8872,0.1089,1.6576,3.0097,2.3756,38.2567,0.4472,2,3,0.7498,0.1849
2023-03-16 11:03:00+00:00,2023-03-16 11:38:00+00:00,short,24902.5771,24750.2629,24978.7343,24750.2629,76.1571,100.0,win,1,10800.0,0,1,-0.2533,0.861,0.5596,0.1096,0.9712,2.2551,0.4044,29.8881,1.432,11,3,0.8331,0.2467
2023-03-17 13:00:00+00:00,2023-03-17 13:17:00+00:00,long,26662.2986,26564.9771,26564.9771,26856.9414,97.3214,-50.0,loss,0,10750.0,1,0,0.2165,0.4654,0.7625,1.9435,0.1906,2.2625,0.359,58.6529,2.1332,13,4,0.8122,0.3851
2023-03-18 06:23:00+00:00,2023-03-18 07:52:00+00:00,short,27475.3964,27346.5036,27539.8429,27346.5036,64.4464,100.0,win,1,10850.0,0,1,-0.1685,0.2741,1.0815,0.8853,1.7465,2.5815,0.57,32.1805,0.381,6,5,0.7864,0.5223
2023-03-19 10:14:00+00:00,2023-03-19 10:24:00+00:00,short,26998.5093,27039.0486,27039.0486,26917.4307,40.5393,-50.0,loss,0,10800.0,0,1,-0.1098,-0.027,2.1545,2.6413,3.2724,3.6545,0.5206,32.0647,-0.1379,10,6,0.7445,0.3944
2023-03-20 01:31:00+00:00,2023-03-20 01:52:00+00:00,long,27758.9,27673.9,27673.9,27928.9,85.0,-50.0,loss,0,10750.0,1,0,0.2093,-0.62,0.84,1.44,0.3467,2.8333,1.0644,54.0596,-0.1586,1,0,0.7323,0.3425
2023-03-20 19:12:00+00:00,2023-03-20 19:22:00+00:00,short,27864.5307,27714.6093,27939.4914,27714.6093,74.9607,100.0,win,1,10850.0,0,1,-0.3212,0.2165,0.7506,3.0804,4.2724,2.2506,0.4361,33.1952,0.0536,19,0,0.7224,0.5903
2023-03-21 05:05:00+00:00,2023-03-21 05:12:00+00:00,short,27842.0564,27897.3029,27897.3029,27731.5636,55.2464,-50.0,loss,0,10800.0,0,1,-0.1182,0.0295,1.3238,0.8945,2.893,2.8238,0.7806,36.2189,0.0758,5,1,0.9154,0.3461
2023-03-22 20:23:00+00:00,2023-03-22 21:07:00+00:00,long,27053.0579,27385.5221,26886.8257,27385.5221,166.2321,100.0,win,1,10900.0,1,0,0.4357,-2.2083,0.5866,2.5516,1.316,2.1197,0.3014,55.5488,-3.5164,20,2,0.6712,0.6371
2023-03-22 22:08:00+00:00,2023-03-22 22:16:00+00:00,long,27171.145,27060.52,27060.52,27392.395,110.625,-50.0,loss,0,10850.0,1,1,0.3405,-0.6727,0.6276,1.3078,0.2523,2.2326,1.4117,55.0369,-2.8698,22,2,1.0426,0.1436
2023-03-23 16:09:00+00:00,2023-03-23 17:25:00+00:00,short,28536.6129,28239.8271,28685.0057,28239.8271,148.3929,100.0,win,1,10950.0,0,1,-0.1228,1.9587,1.2347,0.5289,2.046,2.7931,0.5873,41.0876,2.5311,16,3,0.6811,0.0509
2023-03-24 09:10:00+00:00,2023-03-24 09:26:00+00:00,long,28042.8843,28160.7557,27983.9486,28160.7557,58.9357,100.0,win,1,11050.0,1,0,0.0933,-0.434,1.0407,1.5978,0.6521,2.545,0.5859,53.9017,-0.4635,9,4,0.6648,0.406
2023-03-24 21:54:00+00:00,2023-03-25 00:31:00+00:00,long,27322.2764,27535.5836,27215.6229,27535.5836,106.6536,100.0,win,1,11150.0,1,0,0.3869,-0.7749,0.5355,1.8075,0.2727,2.1231,0.2606,67.5165,-1.7983,21,4,0.7511,0.7581
2023-03-25 07:50:00+00:00,2023-03-25 07:58:00+00:00,short,27519.4679,27475.4321,27541.4857,27475.4321,22.0179,100.0,win,1,11250.0,0,1,-0.1033,0.0516,0.7749,0.1343,0.9712,2.2749,1.6622,38.7097,0.0307,7,5,0.9057,0.3864
2023-03-27 16:56:00+00:00,2023-03-27 17:02:00+00:00,short,27083.0736,27142.7771,27142.7771,26963.6664,59.7036,-50.0,loss,0,11200.0,0,1,-0.0683,-0.4893,0.5723,1.3129,2.91,2.2331,0.2218,46.0208,-0.9741,16,0,0.6113,0.5266
2023-03-27 18:12:00+00:00,2023-03-27 18:19:00+00:00,long,27023.0579,27134.1221,26967.5257,27134.1221,55.5321,100.0,win,1,11300.0,1,0,0.2435,-0.3306,0.6018,2.2217,1.0105,2.1018,1.1532,68.0994,-1.0995,18,0,0.9138,0.3595
2023-03-28 11:17:00+00:00,2023-03-28 11:23:00+00:00,long,26818.9486,26947.8914,26754.4771,26947.8914,64.4714,100.0,win,1,11400.0,1,0,0.15,-0.1449,0.7575,2.5145,1.5817,2.261,0.3534,60.7737,-0.3495,11,1,0.7829,0.5616
2023-03-29 07:07:00+00:00,2023-03-29 07:19:00+00:00,short,28003.6557,28066.7914,28066.7914,27877.3843,63.1357,-50.0,loss,0,11350.0,0,1,-0.2354,1.2025,0.8284,0.5159,1.2803,2.3774,0.3288,40.9243,1.0733,7,2,0.5232,0.6226
2023-03-29 08:04:00+00:00,2023-03-29 08:08:00+00:00,short,28037.1093,28083.6486,28083.6486,27944.0307,46.5393,-50.0,loss,0,11300.0,0,1,-0.2427,0.6891,0.9375,1.566,2.5559,2.4375,0.7126,12.9604,1.0334,8,2,0.857,0.5702
2023-03-29 09:04:00+00:00,2023-03-29 09:53:00+00:00,short,28476.7214,28306.6786,28561.7429,28306.6786,85.0214,100.0,win,1,11400.0,0,1,-0.1523,1.2838,0.7222,0.7144,1.8893,2.2249,0.5516,45.7756,1.825,9,2,0.6968,0.2503
2023-03-30 02:59:00+00:00,2023-03-30 03:06:00+00:00,short,28958.775,28688.325,29094.0,28688.325,135.225,100.0,win,1,11500.0,0,1,-0.6072,1.3781,0.7268,0.5787,2.1038,2.3017,0.6853,34.6356,0.6349,2,3,0.8677,0.545
2023-03-30 21:31:00+00:00,2023-03-30 21:44:00+00:00,short,28071.6879,28003.0521,28106.0057,28003.0521,34.3179,100.0,win,1,11600.0,0,1,-0.0644,0.1075,1.3329,3.6953,5.0098,3.1546,0.4855,32.3579,-1.1302,21,3,0.5133,0.5032
2023-03-30 23:30:00+00:00,2023-03-31 00:19:00+00:00,long,27987.9236,27940.0771,27940.0771,28083.6164,47.8464,-50.0,loss,0,11550.0,1,0,0.0488,-0.0869,1.6687,7.0274,5.202,3.7485,1.2679,71.4889,-1.3355,23,3,0.4153,0.8297
2023-03-31 11:01:00+00:00,2023-03-31 11:15:00+00:00,short,27870.5343,27910.2486,27910.2486,27791.1057,39.7143,-50.0,loss,0,11500.0,0,1,-0.0438,0.0534,0.8017,1.5447,2.8222,2.5885,0.5632,49.4194,-0.2836,11,4,0.899,0.5875
2023-03-31 13:56:00+00:00,2023-03-31 14:23:00+00:00,short,28410.7814,28493.9029,28493.9029,28244.5386,83.1214,-50.0,loss,0,11450.0,0,1,-0.2726,1.097,1.03,0.1219,1.0697,2.5331,0.302,40.2534,1.295,13,4,0.7256,0.0551
2023-04-01 05:14:00+00:00,2023-04-01 06:08:00+00:00,short,28540.0464,28493.2536,28563.4429,28493.2536,23.3964,100.0,win,1,11550.0,0,1,-0.0222,-0.0101,1.2641,1.3114,3.308,2.7641,1.1913,34.6154,-0.1987,5,5,0.9277,0.4864
2023-04-01 16:51:00+00:00,2023-04-01 16:53:00+00:00,short,28351.4193,28289.8407,28382.2086,28289.8407,30.7893,100.0,win,1,11650.0,0,1,-0.0897,-0.0772,2.2459,5.7001,8.5074,3.7581,0.5829,28.7513,-0.4353,16,5,0.9004,0.8051
2023-04-04 20:28:00+00:00,2023-04-04 20:33:00+00:00,short,28161.5986,28189.7771,28189.7771,28105.2414,28.1786,-50.0,loss,0,11600.0,0,1,-0.1029,0.0863,0.5148,0.5506,2.0235,2.0148,0.3472,43.9655,0.2622,20,1,0.954,0.283
2023-04-06 16:05:00+00:00,2023-04-06 16:32:00+00:00,short,28090.9529,28133.1457,28133.1457,28006.5671,42.1929,-50.0,loss,0,11550.0,0,1,-0.0891,0.3661,0.9014,0.9356,2.1964,2.4071,0.3713,43.3428,0.5082,16,3,0.8353,0.3262
2023-04-10 05:28:00+00:00,2023-04-10 05:42:00+00:00,long,28219.83,28281.13,28189.18,28281.13,30.65,100.0,win,1,11650.0,1,0,0.12,-0.1434,1.1111,2.5726,0.812,2.6197,0.7172,57.9281,-0.1989,5,0,1.4641,0.1668
2023-04-10 09:35:00+00:00,2023-04-10 09:40:00+00:00,long,28314.4021,28294.7343,28294.7343,28353.7379,19.6679,-50.0,loss,0,11600.0,1,1,0.0279,0.1123,1.3183,3.5967,0.5875,2.8183,1.6146,59.9502,0.1228,9,0,1.1474,0.3553
2023-04-14 05:18:00+00:00,2023-04-14 05:33:00+00:00,long,30760.8421,30813.5779,30734.4743,30813.5779,26.3679,100.0,win,1,11700.0,1,1,0.1339,0.2624,0.9831,6.6833,5.8609,2.4926,2.0584,76.9765,0.1909,5,4,1.1882,1.1315
2023-04-15 13:45:00+00:00,2023-04-15 13:51:00+00:00,short,30345.0136,30281.8064,30376.6171,30281.8064,31.6036,100.0,win,1,11800.0,0,0,-0.0217,-0.1778,0.588,4.5588,5.4969,2.088,0.5482,30.404,-0.18,13,5,2.7704,0.5291
2023-04-18 09:07:00+00:00,2023-04-18 09:20:00+00:00,long,29717.1457,29763.7743,29693.8314,29763.7743,23.3143,100.0,win,1,11900.0,1,0,0.0479,0.1103,1.5909,2.108,0.0928,3.0909,0.5923,47.8892,0.765,9,1,0.8077,0.301
2023-04-18 12:38:00+00:00,2023-04-18 12:45:00+00:00,short,30372.7407,30275.5193,30421.3514,30275.5193,48.6107,100.0,win,1,12000.0,0,1,-0.0865,0.9028,1.0048,0.8966,3.3081,2.5048,0.4481,32.2688,1.8855,12,1,0.6484,0.3486
2023-04-19 03:45:00+00:00,2023-04-19 03:49:00+00:00,short,30194.855,30211.48,30211.48,30161.605,16.625,-50.0,loss,0,11950.0,0,1,-0.1283,-0.1668,1.4775,1.8378,5.009,2.9955,0.7163,13.0263,-0.1836,3,2,0.7503,1.255
2023-04-19 19:04:00+00:00,2023-04-19 19:59:00+00:00,long,29246.0764,29196.4229,29196.4229,29345.3836,49.6536,-50.0,loss,0,11900.0,1,0,0.0411,-0.085,1.759,2.1266,0.2625,3.259,0.996,44.1338,-0.7211,19,2,1.0545,0.1278
2023-04-20 22:40:00+00:00,2023-04-20 23:02:00+00:00,short,28231.6243,28280.4886,28280.4886,28133.8957,48.8643,-50.0,loss,0,11850.0,0,1,-0.0908,-0.0857,1.2727,0.6954,3.3327,3.2057,0.723,33.4087,-1.165,22,3,0.7452,0.8606
2023-04-26 10:14:00+00:00,2023-04-26 10:38:00+00:00,short,28799.9843,28869.8486,28869.8486,28660.2557,69.8643,-50.0,loss,0,11800.0,0,1,-0.1473,0.5857,1.3547,0.411,1.124,2.9302,0.41,43.1566,0.9444,10,2,0.7986,0.2564
2023-04-26 13:22:00+00:00,2023-04-26 13:40:00+00:00,short,29810.32,29646.72,29892.12,29646.72,81.8,100.0,win,1,11900.0,0,1,-0.0952,1.7402,1.2086,0.1887,1.0762,2.7086,1.185,34.7919,2.7912,13,2,0.4763,0.4144
2023-04-26 20:40:00+00:00,2023-04-26 20:52:00+00:00,long,27833.6993,28195.3207,27652.8886,28195.3207,180.8107,100.0,win,1,12000.0,1,0,0.2139,-3.1815,0.5781,3.6434,1.9182,2.0781,0.4084,62.9997,-3.3375,20,2,0.5736,0.247
2023-04-28 14:44:00+00:00,2023-04-28 14:50:00+00:00,short,29123.1957,29211.1314,29211.1314,28947.3243,87.9357,-50.0,loss,0,11950.0,0,0,-0.3144,-0.279,0.97,0.3755,2.7599,2.7517,0.6316,30.826,-0.5342,14,4,0.8204,0.4426
2023-04-29 08:47:00+00:00,2023-04-29 09:03:00+00:00,long,29305.5814,29281.4029,29281.4029,29353.9386,24.1786,-50.0,loss,0,11900.0,1,0,0.1103,-0.0335,0.6616,2.0294,0.6973,2.1616,0.7239,65.1828,-0.027,8,5,1.3506,0.3901
2023-04-30 19:44:00+00:00,2023-04-30 20:01:00+00:00,long,29355.1964,29293.6429,29293.6429,29478.3036,61.5536,-50.0,loss,0,11850.0,1,0,0.2411,-0.5851,0.5409,1.6143,0.025,2.5609,0.2781,60.7187,-0.5249,19,6,0.6499,0.6113
2023-05-01 03:41:00+00:00,2023-05-01 03:50:00+00:00,long,28573.4143,28544.4286,28544.4286,28631.3857,28.9857,-50.0,loss,0,11800.0,1,0,0.0575,-0.7006,0.7544,4.3711,2.3644,2.2544,0.6281,58.3133,-0.5266,3,0,0.7265,0.6623
2023-05-01 17:23:00+00:00,2023-05-01 17:27:00+00:00,short,28308.05,28256.15,28334.0,28256.15,25.95,100.0,win,1,11900.0,0,1,-0.1803,0.0117,0.6667,1.9333,3.219,2.4714,0.3538,46.0728,-0.634,17,0,0.4514,0.8668
2023-05-01 22:06:00+00:00,2023-05-01 22:15:00+00:00,short,27944.4093,28010.1486,28010.1486,27812.9307,65.7393,-50.0,loss,0,11850.0,0,1,-0.1762,-0.0328,1.7668,0.7416,2.1152,3.2718,1.9891,43.0468,-1.4068,22,0,0.7377,0.2422
2023-05-02 14:56:00+00:00,2023-05-02 15:11:00+00:00,short,28339.7186,28448.1971,28448.1971,28122.7614,108.4786,-50.0,loss,0,11800.0,0,1,-0.7049,0.6471,0.5571,1.1833,2.4235,2.2055,0.8204,26.9614,0.6553,14,1,0.8324,0.7553
2023-05-03 00:05:00+00:00,2023-05-03 00:11:00+00:00,long,28640.3093,28615.3486,28615.3486,28690.2307,24.9607,-50.0,loss,0,11750.0,1,0,0.0407,-0.0961,1.3023,2.1331,1.2574,2.8023,1.7637,62.9587,0.0095,0,2,0.8598,0.1401
2023-05-03 11:45:00+00:00,2023-05-03 11:58:00+00:00,short,28573.3686,28517.3114,28601.3971,28517.3114,28.0286,100.0,win,1,11850.0,0,0,-0.104,-0.1409,1.123,0.7206,2.5174,2.623,1.425,34.0198,0.0439,11,2,0.9002,0.3175
2023-05-04 03:10:00+00:00,2023-05-04 03:38:00+00:00,long,29052.9557,29004.8914,29004.8914,29149.0843,48.0643,-50.0,loss,0,11800.0,1,1,0.073,0.128,0.504,4.1095,0.1954,2.4721,0.4075,60.6651,0.0367,3,3,1.3465,0.4462
2023-05-04 06:59:00+00:00,2023-05-04 07:11:00+00:00,long,29153.0671,29122.0743,29122.0743,29215.0529,30.9929,-50.0,loss,0,11750.0,1,1,0.0078,0.166,1.2358,3.0542,2.3569,2.7358,0.3221,59.2669,0.2544,6,3,1.1754,0.4061
2023-05-05 17:45:00+00:00,2023-05-05 17:59:00+00:00,short,29557.7864,29456.3936,29608.4829,29456.3936,50.6964,100.0,win,1,11850.0,0,1,-0.006,0.4299,0.7173,0.3324,1.627,2.2173,0.2423,47.0447,1.1955,17,4,1.0132,0.2345
2023-05-06 14:46:00+00:00,2023-05-06 15:00:00+00:00,long,28633.3107,28555.1714,28555.1714,28789.5893,78.1393,-50.0,loss,0,11800.0,1,0,0.1787,-1.0662,0.8905,2.3861,0.9062,2.4501,0.534,56.1575,-1.8223,14,5,0.8021,0.1426
2023-05-07 04:37:00+00:00,2023-05-07 04:40:00+00:00,short,28778.9314,28806.6029,28806.6029,28723.5886,27.6714,-50.0,loss,0,11750.0,0,0,-0.0986,-0.1479,1.8282,1.1306,2.8385,3.3282,0.9225,24.7382,-0.3608,4,6,0.7936,0.5553
2023-05-08 06:07:00+00:00,2023-05-08 06:49:00+00:00,short,28206.94,28143.54,28238.64,28143.54,31.7,100.0,win,1,11850.0,0,1,-0.1426,-0.0298,1.2212,0.8462,2.1154,3.0481,0.8416,34.0404,-0.1413,6,0,0.7863,0.3727
2023-05-09 16:28:00+00:00,2023-05-09 16:55:00+00:00,long,27441.3886,27569.3314,27377.4171,27569.3314,63.9714,100.0,win,1,11950.0,1,0,0.0701,-0.2336,1.3928,2.2655,1.5556,2.8928,0.7397,51.3462,-0.4679,16,1,0.8854,0.1217
2023-05-09 17:25:00+00:00,2023-05-09 18:54:00+00:00,short,27637.4314,27537.8886,27687.2029,27537.8886,49.7714,100.0,win,1,12050.0,0,1,-0.1479,0.3402,0.9451,0.6646,1.9838,2.4501,0.5126,49.8294,0.2101,17,1,0.8474,0.205
2023-05-10 19:38:00+00:00,2023-05-10 20:17:00+00:00,short,27688.5386,27739.3171,27739.3171,27586.9814,50.7786,-50.0,loss,0,12000.0,0,1,-0.1845,0.1366,0.6671,0.201,1.4453,2.1714,0.422,47.2829,-0.0033,19,2,0.6992,0.171
2023-05-10 22:10:00+00:00,2023-05-10 22:38:00+00:00,long,27507.2529,27613.8671,27453.9457,27613.8671,53.3071,100.0,win,1,12100.0,1,0,0.0183,-0.4732,0.6239,0.7498,0.0286,3.0511,1.2101,54.9965,-0.5967,22,2,0.3184,0.4327
2023-05-12 23:35:00+00:00,2023-05-13 00:31:00+00:00,long,26735.4307,26682.9914,26682.9914,26840.3093,52.4393,-50.0,loss,0,12050.0,1,0,0.0066,0.3955,1.8416,1.7843,1.0833,3.3416,0.9697,52.57,1.2731,23,4,1.0836,0.1729
2023-05-13 00:49:00+00:00,2023-05-13 00:55:00+00:00,long,26722.0993,26763.5207,26701.3886,26763.5207,20.7107,100.0,win,1,12150.0,1,0,0.1193,0.1486,0.5696,2.9379,1.5089,2.0696,0.3553,50.7069,-0.0266,0,5,0.8361,0.3445
2023-05-13 05:07:00+00:00,2023-05-13 05:19:00+00:00,long,26778.7464,26808.1536,26764.0429,26808.1536,14.7036,100.0,win,1,12250.0,1,0,0.0619,-0.0352,0.7497,1.1016,0.4284,2.2497,0.8567,66.4619,-0.1653,5,5,1.1518,0.1262
2023-05-15 01:13:00+00:00,2023-05-15 01:23:00+00:00,long,26796.735,26837.685,26776.26,26837.685,20.475,100.0,win,1,12350.0,1,0,0.0494,-0.1746,0.6012,1.8266,0.289,2.3671,1.4315,51.5982,0.062,1,0,0.3987,0.6084
2023-05-15 02:48:00+00:00,2023-05-15 04:01:00+00:00,long,27173.4971,27265.5829,27127.4543,27265.5829,46.0429,100.0,win,1,12450.0,1,1,0.04,0.5868,1.2546,1.2047,0.0998,3.2821,1.9403,50.4373,0.576,2,0,0.6725,0.3207
2023-05-15 19:50:00+00:00,2023-05-15 20:16:00+00:00,long,27388.6207,27359.7314,27359.7314,27446.3993,28.8893,-50.0,loss,0,12400.0,1,0,0.069,-0.0924,0.7582,0.8911,0.3127,2.2582,0.4706,53.4972,0.2843,19,0,0.9194,0.2425
2023-05-17 12:43:00+00:00,2023-05-17 13:10:00+00:00,short,26667.03,26701.08,26701.08,26598.93,34.05,-50.0,loss,0,12350.0,0,0,-0.1281,-0.3378,0.7143,1.5188,4.4586,2.5602,0.6061,46.4364,-0.7082,12,2,0.686,0.5255
2023-05-18 09:50:00+00:00,2023-05-18 10:24:00+00:00,long,27401.1421,27360.1743,27360.1743,27483.0779,40.9679,-50.0,loss,0,12300.0,1,0,0.0958,0.2366,1.3101,4.294,2.9495,2.8101,0.9006,66.5765,0.323,9,3,1.8802,0.4613
2023-05-18 13:34:00+00:00,2023-05-18 14:07:00+00:00,long,27207.2421,27293.1779,27164.2743,27293.1779,42.9679,100.0,win,1,12400.0,1,0,0.0644,-0.3296,1.0857,1.7432,0.0724,2.5918,0.4877,46.3469,-0.3808,13,3,0.817,0.1223
2023-05-19 13:25:00+00:00,2023-05-19 13:28:00+00:00,long,26916.8736,26944.4664,26903.0771,26944.4664,13.7964,100.0,win,1,12500.0,1,1,0.0466,0.1598,0.5428,3.2566,2.6819,2.2024,2.617,58.5756,0.2259,13,4,0.7991,0.5109
2023-05-21 01:17:00+00:00,2023-05-21 01:58:00+00:00,short,27200.74,27146.74,27227.74,27146.74,27.0,100.0,win,1,12600.0,0,1,-0.194,0.3861,0.5726,0.4758,2.3145,2.1774,0.4701,48.9028,0.0018,1,6,0.8736,0.3231
2023-05-22 13:32:00+00:00,2023-05-22 13:42:00+00:00,long,26845.9243,27004.9957,26766.3886,27004.9957,79.5357,100.0,win,1,12700.0,1,0,0.2279,0.2036,3.8829,7.6641,6.4511,5.3896,10.8658,77.0943,0.41,13,0,1.1282,0.5305
2023-05-22 19:38:00+00:00,2023-05-22 20:54:00+00:00,long,26834.3543,26908.9257,26797.0686,26908.9257,37.2857,100.0,win,1,12800.0,1,0,0.0764,-0.0478,1.2924,1.6456,0.4736,2.9931,0.1407,56.652,0.0764,19,0,1.8807,0.0248
2023-05-24 10:20:00+00:00,2023-05-24 10:35:00+00:00,short,26715.1021,26726.5343,26726.5343,26692.2379,11.4321,-50.0,loss,0,12750.0,0,0,-0.0208,-0.1087,1.3428,10.1456,13.3037,2.8428,0.7609,17.6471,-0.3728,10,2,0.4723,0.5441
2023-05-28 00:48:00+00:00,2023-05-28 00:57:00+00:00,long,26962.3021,27128.8379,26879.0343,27128.8379,83.2679,100.0,win,1,12850.0,1,1,0.179,0.5859,0.8144,4.1163,3.8106,2.3144,0.5018,79.6794,0.1371,0,6,3.8566,0.6886
2023-05-28 11:37:00+00:00,2023-05-28 12:36:00+00:00,short,27154.1879,27101.5521,27180.5057,27101.5521,26.3179,100.0,win,1,12950.0,0,1,-0.1062,-0.0878,0.7156,2.0289,4.5881,2.2156,0.5281,28.8235,0.1089,11,6,1.0636,0.8777
2023-05-31 19:31:00+00:00,2023-05-31 19:41:00+00:00,long,27025.0321,27071.8679,27001.6143,27071.8679,23.4179,100.0,win,1,13050.0,1,0,0.0159,0.0556,2.0064,0.8684,0.2246,3.5064,0.5319,52.3179,-0.4585,19,2,0.7621,0.1821
2023-06-01 06:55:00+00:00,2023-06-01 07:20:00+00:00,short,26790.8207,26811.9314,26811.9314,26748.5993,21.1107,-50.0,loss,0,13000.0,0,0,-0.0752,-0.1807,1.901,7.4753,9.8113,3.401,0.9404,25.2488,-0.3365,6,3,0.9348,0.5917
2023-06-04 22:22:00+00:00,2023-06-04 22:28:00+00:00,long,27363.3321,27267.9143,27267.9143,27554.1679,95.4179,-50.0,loss,0,12950.0,1,1,0.202,0.5262,1.2515,5.5077,4.9598,2.7515,0.5046,72.7474,0.6429,22,6,4.0785,0.7119
2023-06-07 04:39:00+00:00,2023-06-07 04:42:00+00:00,short,26881.9614,26907.8829,26907.8829,26830.1186,25.9214,-50.0,loss,0,12900.0,0,1,-0.1044,-0.2279,0.7319,1.1021,2.0234,2.2319,0.5289,41.8269,-0.5253,4,2,0.8661,0.4126
2023-06-08 05:39:00+00:00,2023-06-08 05:54:00+00:00,short,26399.8843,26349.5557,26425.0486,26349.5557,25.1643,100.0,win,1,13000.0,0,1,-0.0252,0.1013,1.3457,0.8255,2.6914,2.8457,0.2462,53.0017,0.1748,5,3,1.2662,0.228
2023-06-08 08:29:00+00:00,2023-06-08 08:32:00+00:00,long,26418.39,26409.94,26409.94,26435.29,8.45,-50.0,loss,0,12950.0,1,1,0.0408,0.0493,0.5366,3.8537,0.0976,2.061,0.5106,58.8119,0.1694,8,3,0.4982,0.4306
2023-06-09 12:34:00+00:00,2023-06-09 12:54:00+00:00,short,26627.515,26666.44,26666.44,26549.665,38.925,-50.0,loss,0,12900.0,0,1,-0.0565,0.096,1.6955,0.0576,0.7243,3.2037,0.446,40.8412,0.4494,12,4,1.2855,0.0702
2023-06-10 10:46:00+00:00,2023-06-10 10:55:00+00:00,long,25651.665,25685.315,25634.84,25685.315,16.825,100.0,win,1,13000.0,1,0,0.0585,-0.0212,0.7891,3.034,1.6871,2.2891,0.2876,67.2478,-0.725,10,5,0.8921,0.5882
2023-06-10 23:05:00+00:00,2023-06-10 23:18:00+00:00,short,25831.635,25864.16,25864.16,25766.585,32.525,-50.0,loss,0,12950.0,0,1,-0.1342,0.2214,1.1336,0.3563,2.9231,2.6336,0.3061,30.8718,0.1612,23,5,0.8204,0.4554
2023-06-12 08:18:00+00:00,2023-06-12 08:26:00+00:00,long,25823.5907,25849.8693,25810.4514,25849.8693,13.1393,100.0,win,1,13050.0,1,0,0.0487,0.0553,0.5744,3.1512,0.755,2.1565,0.2625,67.8508,0.0376,8,0,0.7466,0.6811
2023-06-13 01:52:00+00:00,2023-06-13 02:26:00+00:00,short,25934.7907,25981.1514,25981.1514,25842.0693,46.3607,-50.0,loss,0,13000.0,0,1,-0.1911,0.0899,0.7881,0.952,2.1156,2.452,0.8816,46.7299,0.0254,1,1,1.1216,0.2547
2023-06-13 17:27:00+00:00,2023-06-13 17:32:00+00:00,short,25823.8421,25786.7779,25842.3743,25786.7779,18.5321,100.0,win,1,13100.0,0,1,-0.0881,-0.2087,0.5606,4.267,6.3537,2.886,0.4312,29.6247,-0.9103,17,1,0.6383,1.1103
2023-06-14 10:31:00+00:00,2023-06-14 11:24:00+00:00,short,25949.7214,25969.9429,25969.9429,25909.2786,20.2214,-50.0,loss,0,13050.0,0,1,-0.0177,0.0798,1.754,3.5241,4.9402,3.254,0.5129,46.172,0.0423,10,2,1.3589,0.2495
2023-06-15 13:55:00+00:00,2023-06-15 14:58:00+00:00,short,25062.0057,25004.2343,25090.8914,25004.2343,28.8857,100.0,win,1,13150.0,0,1,-0.1,0.2812,0.651,0.0536,1.279,2.2123,0.5962,38.4615,0.256,13,3,0.7095,0.2161
2023-06-17 03:13:00+00:00,2023-06-17 03:34:00+00:00,short,26256.1829,26235.6971,26266.4257,26235.6971,10.2429,100.0,win,1,13250.0,0,1,-0.0555,-0.0642,1.1754,0.7313,1.8022,2.6754,0.8225,41.3866,-0.0108,3,5,0.7802,0.5672
2023-06-17 03:48:00+00:00,2023-06-17 04:01:00+00:00,long,26251.9914,26241.1629,26241.1629,26273.6486,10.8286,-50.0,loss,0,13200.0,1,1,0.0414,-0.0477,1.1503,2.9371,1.3217,2.6503,0.4289,67.9671,-0.0202,3,5,1.4538,0.3292
2023-06-19 02:28:00+00:00,2023-06-19 02:47:00+00:00,short,26417.8479,26440.6657,26440.6657,26372.2121,22.8179,-50.0,loss,0,13150.0,0,1,-0.1065,0.0355,1.5377,0.9494,2.8883,3.0511,0.7694,29.6296,0.1154,2,0,1.1692,0.7139
2023-06-19 11:30:00+00:00,2023-06-19 11:35:00+00:00,long,26411.6236,26397.6771,26397.6771,26439.5164,13.9464,-50.0,loss,0,13100.0,1,1,0.0549,0.0585,2.2049,7.3321,5.4991,3.7049,3.1489,73.8964,0.0378,11,0,1.1423,1.0111
2023-06-20 17:20:00+00:00,2023-06-20 17:31:00+00:00,short,27347.0329,27440.1257,27440.1257,27160.8471,93.0929,-50.0,loss,0,13050.0,0,1,-0.2963,1.0131,0.5515,0.2758,1.4671,2.0537,0.874,43.459,1.2973,17,1,1.0228,0.1369
2023-06-21 18:41:00+00:00,2023-06-21 18:46:00+00:00,short,30193.235,30035.585,30272.06,30035.585,78.825,100.0,win,1,13150.0,0,0,-0.1873,0.6417,0.6284,0.4753,2.1148,2.5144,0.2521,44.7211,2.4846,18,2,0.7787,0.2726
2023-06-22 18:09:00+00:00,2023-06-22 18:14:00+00:00,short,30034.515,30084.54,30084.54,29934.465,50.025,-50.0,loss,0,13100.0,0,1,-0.2929,0.113,0.754,1.1874,3.0564,2.2585,0.4024,25.0655,0.0034,18,3,0.8879,0.6965
2023-06-24 18:57:00+00:00,2023-06-24 19:06:00+00:00,short,30623.47,30667.32,30667.32,30535.77,43.85,-50.0,loss,0,13050.0,0,1,-0.0716,0.1116,1.7007,1.2628,2.8905,3.2007,0.7462,36.3018,0.1444,18,5,0.9906,0.2163
2023-06-24 19:17:00+00:00,2023-06-24 19:20:00+00:00,long,30651.2964,30629.3429,30629.3429,30695.2036,21.9536,-50.0,loss,0,13000.0,1,1,0.0124,0.1737,0.9186,1.7375,0.6751,2.4296,0.2331,51.6129,0.2416,19,5,0.7986,0.123
2023-06-24 22:09:00+00:00,2023-06-24 23:06:00+00:00,short,30507.655,30533.68,30533.68,30455.605,26.025,-50.0,loss,0,12950.0,0,0,-0.0092,-0.1273,0.5737,0.0637,1.4502,2.0737,0.1773,49.6078,-0.2232,22,5,0.7193,0.128
2023-06-25 02:53:00+00:00,2023-06-25 03:12:00+00:00,short,30630.9636,30655.4171,30655.4171,30582.0564,24.4536,-50.0,loss,0,12900.0,0,1,-0.0624,0.1745,1.0274,0.1038,2.8021,2.5378,0.1726,29.6392,0.1725,2,6,1.0628,0.1696
2023-06-25 23:30:00+00:00,2023-06-25 23:51:00+00:00,short,30439.4414,30465.5629,30465.5629,30387.1986,26.1214,-50.0,loss,0,12850.0,0,0,-0.0193,-0.0843,1.2747,6.1077,6.6495,2.7747,1.444,31.5394,-0.6539,23,6,0.9723,0.2426
2023-06-27 22:53:00+00:00,2023-06-27 23:15:00+00:00,short,30571.3757,30602.7114,30602.7114,30508.7043,31.3357,-50.0,loss,0,12800.0,0,0,-0.0743,-0.2624,0.9563,10.6058,11.7503,2.4563,0.8456,26.8471,-0.1149,22,1,1.3253,0.5945
2023-06-27 23:59:00+00:00,2023-06-28 00:07:00+00:00,long,30679.35,30646.8,30646.8,30744.45,32.55,-50.0,loss,0,12750.0,1,1,0.0076,0.1354,0.8667,7.8296,6.9037,2.4111,0.2974,64.5603,0.2444,23,1,2.052,0.3142
2023-06-28 21:58:00+00:00,2023-06-28 22:01:00+00:00,short,30112.6171,30133.6743,30133.6743,30070.5029,21.0571,-50.0,loss,0,12700.0,0,1,-0.1531,0.0071,1.0769,1.0035,2.8269,2.5769,0.4835,20.3125,-0.3831,21,2,0.6971,0.6194
2023-07-07 10:33:00+00:00,2023-07-07 10:55:00+00:00,long,30114.1457,30152.3743,30095.0314,30152.3743,19.1143,100.0,win,1,12800.0,1,1,0.1,0.0673,0.7258,2.5401,0.3863,2.2375,0.431,60.5425,0.3154,10,4,0.9278,0.3069
2023-07-11 01:00:00+00:00,2023-07-11 01:27:00+00:00,long,30407.6879,30468.2521,30377.4057,30468.2521,30.2821,100.0,win,1,12900.0,1,1,0.1768,-0.0251,0.561,1.2127,0.3877,2.4982,0.4025,60.2965,-0.0129,1,1,0.8194,0.4989
2023-07-13 20:09:00+00:00,2023-07-13 20:33:00+00:00,short,31566.0036,31414.6964,31641.6571,31414.6964,75.6536,100.0,win,1,13000.0,0,1,-0.1178,0.8673,0.54,0.4941,1.9927,2.0427,0.513,46.8827,1.9276,20,3,0.631,0.3147
2023-07-18 05:19:00+00:00,2023-07-18 05:32:00+00:00,short,30073.5693,30047.6907,30086.5086,30047.6907,12.9393,100.0,win,1,13100.0,0,1,-0.0366,-0.0705,1.2572,1.2572,3.6012,2.7572,0.4141,42.9907,-0.1494,5,1,0.791,0.4999
2023-07-20 17:14:00+00:00,2023-07-20 17:23:00+00:00,long,29728.1043,29694.9686,29694.9686,29794.3757,33.1357,-50.0,loss,0,13050.0,1,1,0.0782,-0.4002,0.8669,3.2528,0.7738,2.3741,0.1883,55.7621,-0.948,17,3,0.655,0.2851
2023-08-09 08:30:00+00:00,2023-08-09 08:36:00+00:00,short,29772.5214,29784.7429,29784.7429,29748.0786,12.2214,-50.0,loss,0,13000.0,0,1,-0.0019,0.0558,1.4,3.7492,11.0576,2.9,0.4635,54.6973,0.1025,8,2,0.9154,0.3392
2023-08-14 18:38:00+00:00,2023-08-14 18:51:00+00:00,long,29339.0343,29307.1486,29307.1486,29402.8057,31.8857,-50.0,loss,0,12950.0,1,0,0.1016,-0.4888,0.5293,1.5169,0.5214,2.5192,0.3314,51.3211,-0.2694,18,0,0.5639,0.4569
2023-08-22 22:20:00+00:00,2023-08-22 22:24:00+00:00,long,25678.2579,25746.1221,25644.3257,25746.1221,33.9321,100.0,win,1,13050.0,1,0,0.0801,-0.3265,0.5602,4.6585,0.3654,2.0663,0.7383,58.505,-0.6243,22,1,0.3893,0.2391
2023-08-24 01:36:00+00:00,2023-08-24 01:43:00+00:00,short,26393.9286,26362.4714,26409.6571,26362.4714,15.7286,100.0,win,1,13150.0,0,0,-0.005,-0.2452,0.6588,12.2294,13.5745,2.1588,0.3298,38.6895,-0.2876,1,3,0.7837,0.6274
2023-08-25 18:22:00+00:00,2023-08-25 18:51:00+00:00,long,25956.7114,26023.9686,25923.0829,26023.9686,33.6286,100.0,win,1,13250.0,1,0,0.1566,0.0986,1.2442,8.8714,6.9798,3.4017,1.136,83.6806,-0.2571,18,4,0.785,1.0516
2023-08-27 02:55:00+00:00,2023-08-27 02:58:00+00:00,short,25990.1336,25988.7264,25990.8371,25988.7264,0.7036,100.0,win,1,13350.0,0,1,-0.006,-0.0215,0.5957,7.7447,11.617,2.0957,3.4524,15.3846,0.011,2,6,0.225,0.6956
2023-08-27 23:31:00+00:00,2023-08-27 23:45:00+00:00,short,26071.9386,26080.5171,26080.5171,26054.7814,8.5786,-50.0,loss,0,13300.0,0,1,-0.0436,-0.0283,1.0042,0.7679,2.6582,2.5338,0.2858,27.3523,0.0464,23,6,1.3157,0.8178
2023-08-30 08:30:00+00:00,2023-08-30 08:37:00+00:00,long,27439.2671,27478.4529,27419.6743,27478.4529,19.5929,100.0,win,1,13400.0,1,1,0.1101,0.0567,1.8204,5.2922,2.7399,3.6769,2.1868,76.8137,-0.0567,8,2,1.3301,0.9764
2023-08-31 17:52:00+00:00,2023-08-31 18:07:00+00:00,short,26290.1771,26341.9343,26341.9343,26186.6629,51.7571,-50.0,loss,0,13350.0,0,0,-0.1571,-1.3627,0.6073,1.1507,2.5198,2.7572,0.8246,23.6927,-1.9721,17,3,0.4932,0.6367
2023-08-31 21:36:00+00:00,2023-08-31 21:54:00+00:00,long,25923.4857,26027.7143,25871.3714,26027.7143,52.1143,100.0,win,1,13450.0,1,0,0.0883,-0.8163,0.7519,1.0846,0.2333,2.2519,0.2024,46.5721,-2.364,21,3,0.4898,0.4321
2023-09-02 05:06:00+00:00,2023-09-02 05:13:00+00:00,long,25774.7071,25797.6929,25763.2143,25797.6929,11.4929,100.0,win,1,13550.0,1,1,0.0297,0.0105,0.6899,3.6928,1.9681,2.3319,0.3153,58.4642,-0.0133,5,5,1.4676,0.4931
2023-09-04 05:09:00+00:00,2023-09-04 05:18:00+00:00,short,25959.2186,25946.6614,25965.4971,25946.6614,6.2786,100.0,win,1,13650.0,0,0,-0.0225,-0.0349,1.3725,9.6078,18.3007,2.8725,1.7558,23.6641,-0.0461,5,0,0.5894,0.9628
2023-09-05 08:41:00+00:00,2023-09-05 08:49:00+00:00,short,25653.0393,25682.5286,25682.5286,25594.0607,29.4893,-50.0,loss,0,13600.0,0,0,-0.0381,-0.1889,1.3375,6.2351,7.8034,2.8375,1.0504,27.1255,-0.1281,8,1,1.3858,0.7082
2023-09-11 12:07:00+00:00,2023-09-11 13:33:00+00:00,long,25619.8571,25716.9429,25571.3143,25716.9429,48.5429,100.0,win,1,13700.0,1,0,0.1372,-0.2258,1.12,1.3452,0.28,2.9548,0.7158,59.8154,-0.3747,12,0,1.5814,0.1263
2023-09-15 15:15:00+00:00,2023-09-15 16:07:00+00:00,long,26269.4207,26336.1993,26236.0314,26336.1993,33.3893,100.0,win,1,13800.0,1,0,0.0897,-0.3797,0.6815,1.3268,0.406,2.4208,0.7734,57.7442,-0.722,15,4,0.6361,0.3606
2023-09-18 13:13:00+00:00,2023-09-18 13:42:00+00:00,short,27322.9621,27223.4979,27372.6943,27223.4979,49.7321,100.0,win,1,13900.0,0,1,-0.1933,0.6097,0.6011,1.7526,3.3233,2.1054,0.947,41.1671,1.4405,13,0,0.8455,0.4146
2023-09-21 06:40:00+00:00,2023-09-21 06:53:00+00:00,long,27022.275,27055.025,27005.9,27055.025,16.375,100.0,win,1,14000.0,1,0,0.0734,-0.0221,0.7586,1.7931,0.5103,2.2586,0.7484,57.0492,0.0009,6,3,1.2412,0.2815
2023-09-24 11:13:00+00:00,2023-09-24 11:19:00+00:00,long,26577.0143,26583.9857,26573.5286,26583.9857,3.4857,100.0,win,1,14100.0,1,0,0.0303,0.0289,2.5667,10.2667,7.0,4.0667,2.0351,91.0714,0.0502,11,6,1.3976,2.0422
2023-09-25 08:22:00+00:00,2023-09-25 08:37:00+00:00,short,26135.7607,26107.7393,26149.7714,26107.7393,14.0107,100.0,win,1,14200.0,0,1,-0.1304,-0.0156,0.6205,5.1157,7.5676,2.1205,0.4455,16.9252,-0.0476,8,0,0.8059,1.2309
2023-09-29 18:27:00+00:00,2023-09-29 18:57:00+00:00,long,26824.4193,26922.2407,26775.5086,26922.2407,48.9107,100.0,win,1,14300.0,1,0,0.2238,-0.0494,1.2467,2.0329,1.3927,2.7467,4.0604,64.5467,-0.4312,18,4,1.5221,0.397
2023-10-02 04:56:00+00:00,2023-10-02 05:07:00+00:00,long,28058.6679,28035.8857,28035.8857,28104.2321,22.7821,-50.0,loss,0,14250.0,1,1,0.0985,0.2737,0.5123,3.489,1.7489,2.0123,2.6851,68.744,0.2354,4,0,0.7857,0.5052
2023-10-02 22:36:00+00:00,2023-10-02 23:41:00+00:00,long,27487.4579,27592.9221,27434.7257,27592.9221,52.7321,100.0,win,1,14350.0,1,0,0.0254,-0.7207,0.6593,1.1711,0.344,2.1593,0.1814,65.6946,-1.9894,22,0,0.4496,0.516
2023-10-06 16:43:00+00:00,2023-10-06 16:49:00+00:00,long,27919.76,27855.06,27855.06,28049.16,64.7,-50.0,loss,0,14300.0,1,1,0.2519,0.5986,0.6311,2.0451,0.9713,2.6516,1.4029,63.4045,1.1769,16,4,0.6956,0.4792
2023-10-11 12:09:00+00:00,2023-10-11 12:19:00+00:00,long,27231.9793,27210.9686,27210.9686,27274.0007,21.0107,-50.0,loss,0,14250.0,1,0,0.1827,0.128,0.5584,3.2624,1.9496,2.0584,0.9447,77.3798,0.3233,12,2,0.9742,0.7878
2023-10-16 02:13:00+00:00,2023-10-16 02:21:00+00:00,long,27202.6957,27238.6243,27184.7314,27238.6243,17.9643,100.0,win,1,14350.0,1,1,0.0848,0.1588,0.7336,1.3925,0.7211,2.2336,1.3044,63.0122,0.0929,2,0,0.7452,0.1092
2023-10-18 15:08:00+00:00,2023-10-18 16:04:00+00:00,long,28194.7557,28297.6843,28143.2914,28297.6843,51.4643,100.0,win,1,14450.0,1,0,0.1027,-0.3287,0.6436,2.7328,0.2378,2.4001,0.5434,53.9203,-1.0521,15,2,0.7873,0.1189
2023-10-23 17:33:00+00:00,2023-10-23 17:42:00+00:00,short,30921.7036,31056.1571,31056.1571,30652.7964,134.4536,-50.0,loss,0,14400.0,0,1,-0.2457,0.0064,0.5174,1.2219,2.8,2.1674,0.4914,27.4706,0.8355,17,0,0.978,0.7053
2023-10-24 04:47:00+00:00,2023-10-24 04:56:00+00:00,short,34351.9257,34448.3114,34448.3114,34159.1543,96.3857,-50.0,loss,0,14350.0,0,0,-0.2732,0.263,0.548,0.9192,2.4902,2.1297,0.7025,40.5355,0.3363,4,1,0.8267,0.5026
2023-10-24 09:25:00+00:00,2023-10-24 09:37:00+00:00,long,34171.6036,34313.0964,34100.8571,34313.0964,70.7464,100.0,win,1,14450.0,1,1,0.1373,0.256,0.5133,3.4385,1.6107,2.9522,0.7111,62.2061,-0.0314,9,1,0.771,0.4288
2023-10-25 10:32:00+00:00,2023-10-25 11:09:00+00:00,long,34194.0786,34319.1214,34131.5571,34319.1214,62.5214,100.0,win,1,14550.0,1,1,0.1474,0.365,0.566,4.2132,2.6875,2.0693,2.799,61.7128,0.387,10,2,1.0585,0.4103
2023-10-27 09:07:00+00:00,2023-10-27 09:42:00+00:00,long,34148.5936,34115.1971,34115.1971,34215.3864,33.3964,-50.0,loss,0,14500.0,1,1,0.0479,0.1751,0.519,11.355,8.4327,2.3746,1.1206,76.3001,0.2842,9,4,0.7681,0.375
2023-10-29 22:17:00+00:00,2023-10-29 22:36:00+00:00,long,34576.205,34691.855,34518.38,34691.855,57.825,100.0,win,1,14600.0,1,0,0.1914,-0.0338,1.0153,1.5686,0.2832,2.5196,0.845,53.282,0.4525,22,6,1.216,0.2464
2023-11-08 15:47:00+00:00,2023-11-08 16:41:00+00:00,long,35236.6064,35338.4136,35185.7029,35338.4136,50.9036,100.0,win,1,14700.0,1,0,0.1181,-0.2319,0.6453,1.9184,1.1859,2.2194,0.5501,53.1874,-0.2355,15,2,0.7929,0.2334
2023-11-09 18:17:00+00:00,2023-11-09 19:21:00+00:00,short,36443.2507,36196.9293,36566.4114,36196.9293,123.1607,100.0,win,1,14800.0,0,1,-0.2371,-0.6697,0.8911,0.2893,1.1435,2.3911,0.2698,43.0434,-1.0033,18,3,0.905,0.4289
2023-11-11 23:38:00+00:00,2023-11-11 23:49:00+00:00,long,36952.1129,37096.7271,36879.8057,37096.7271,72.3071,100.0,win,1,14900.0,1,0,0.231,-0.0234,1.0305,4.009,3.4518,3.029,0.5479,65.0927,-0.3134,23,5,1.2177,0.5323
2023-11-13 09:13:00+00:00,2023-11-13 09:24:00+00:00,short,37004.2029,37034.4457,37034.4457,36943.7171,30.2429,-50.0,loss,0,14850.0,0,1,-0.1119,-0.0106,1.2332,3.2733,5.1775,2.7422,0.5007,25.7576,-0.2102,9,0,0.843,0.7713
2023-11-16 19:58:00+00:00,2023-11-16 20:13:00+00:00,long,35934.2964,35811.7429,35811.7429,36179.4036,122.5536,-50.0,loss,0,14800.0,1,0,0.3197,-0.7526,0.6117,1.2096,0.1172,2.1117,0.1557,64.12,-2.3372,19,3,0.6781,0.675
2023-11-18 02:00:00+00:00,2023-11-18 02:13:00+00:00,short,36428.8664,36458.4629,36458.4629,36369.6736,29.5964,-50.0,loss,0,14750.0,0,0,-0.0834,-0.1446,0.5114,1.0024,2.7073,2.0183,2.1255,30.418,-0.1455,2,5,1.068,0.4276
2023-11-18 08:18:00+00:00,2023-11-18 08:33:00+00:00,short,36408.8014,36443.6229,36443.6229,36339.1586,34.8214,-50.0,loss,0,14700.0,0,1,-0.1206,0.0866,0.5466,0.4114,2.0512,2.0466,1.2392,44.1129,0.0348,8,5,1.2326,0.1511
2023-11-18 17:26:00+00:00,2023-11-18 19:03:00+00:00,long,36660.9221,36777.4579,36602.6543,36777.4579,58.2679,100.0,win,1,14800.0,1,0,0.065,0.086,0.5826,1.3556,0.351,2.1759,0.4802,59.048,0.4233,17,5,1.2689,0.0275
2023-11-19 05:21:00+00:00,2023-11-19 05:24:00+00:00,short,36545.475,36559.2,36559.2,36518.025,13.725,-50.0,loss,0,14750.0,0,1,-0.0501,0.0613,0.887,1.2522,2.6261,2.387,0.2824,40.1471,0.0973,5,6,1.3915,0.415
2023-11-21 04:01:00+00:00,2023-11-21 04:54:00+00:00,short,37483.55,37421.25,37514.7,37421.25,31.15,100.0,win,1,14850.0,0,0,-0.0008,-0.0988,0.6483,0.731,3.5655,2.1483,0.5162,41.4017,-0.0747,4,1,0.9483,0.4635
2023-11-21 10:28:00+00:00,2023-11-21 10:33:00+00:00,long,37399.3393,37431.3607,37383.3286,37431.3607,16.0107,100.0,win,1,14950.0,1,1,0.0317,0.0711,0.7568,7.7189,4.4346,2.4232,0.5755,86.0432,-0.1115,10,1,0.9134,1.2296
2023-11-21 12:32:00+00:00,2023-11-21 12:34:00+00:00,long,37236.0414,37197.4629,37197.4629,37313.1986,38.5786,-50.0,loss,0,14900.0,1,0,0.0444,-0.1451,0.571,2.8873,1.2576,2.4753,0.5524,58.0772,-0.4311,12,1,0.7087,0.4631
2023-11-21 15:42:00+00:00,2023-11-21 15:46:00+00:00,long,36543.455,36727.205,36451.58,36727.205,91.875,100.0,win,1,15000.0,1,0,0.2091,-0.777,0.5669,3.5433,1.8223,2.0669,0.4584,55.8125,-1.0376,15,1,0.5056,0.519
2023-11-23 18:39:00+00:00,2023-11-23 19:50:00+00:00,short,37264.4657,37309.6514,37309.6514,37174.0943,45.1857,-50.0,loss,0,14950.0,0,1,-0.0873,0.16,1.0326,0.5523,1.8911,2.7127,0.5036,38.6299,-0.1165,18,3,0.7679,0.1788
2023-11-27 21:45:00+00:00,2023-11-27 21:59:00+00:00,short,36986.33,37038.88,37038.88,36881.23,52.55,-50.0,loss,0,14900.0,0,1,-0.1702,0.0855,0.6626,0.251,1.6502,2.1626,0.5157,42.372,-0.2545,21,0,1.0209,0.1422
2023-11-30 12:44:00+00:00,2023-11-30 12:55:00+00:00,short,37845.0707,37894.6314,37894.6314,37745.9493,49.5607,-50.0,loss,0,14850.0,0,1,-0.021,0.1136,1.4605,0.9577,2.3702,2.9664,0.3591,40.3902,0.0296,12,3,0.7847,0.1507
2023-11-30 17:08:00+00:00,2023-11-30 17:33:00+00:00,short,37657.7914,37710.2629,37710.2629,37552.8486,52.4714,-50.0,loss,0,14800.0,0,1,-0.1138,-0.0589,1.4234,0.2791,2.3333,2.929,0.415,38.8125,-0.2779,17,3,0.9074,0.2894
2023-12-03 11:12:00+00:00,2023-12-03 11:28:00+00:00,short,39509.2429,39471.7571,39527.9857,39471.7571,18.7429,100.0,win,1,14900.0,0,1,-0.0854,0.096,1.0096,1.7635,3.1635,2.5231,0.2294,24.7934,0.183,11,6,1.0289,0.5059
2023-12-04 10:22:00+00:00,2023-12-04 10:29:00+00:00,long,41715.7186,41808.7614,41669.1971,41808.7614,46.5214,100.0,win,1,15000.0,1,0,0.1958,0.321,0.7159,2.4262,0.6534,2.2351,1.2644,80.594,1.4803,10,0,0.6952,1.0086
2023-12-06 23:03:00+00:00,2023-12-06 23:45:00+00:00,short,43718.2429,43830.2857,43830.2857,43494.1571,112.0429,-50.0,loss,0,14950.0,0,0,-0.0125,-0.3933,1.3417,5.3236,6.7159,2.8417,0.6435,35.4424,-0.4445,23,2,1.8857,0.2509
2023-12-08 07:15:00+00:00,2023-12-08 07:22:00+00:00,long,43417.9536,43356.7571,43356.7571,43540.3464,61.1964,-50.0,loss,0,14900.0,1,0,0.0645,-0.1001,1.644,1.7417,0.4624,3.144,1.6377,54.7078,-0.1133,7,4,1.3371,0.0339
2023-12-09 23:06:00+00:00,2023-12-09 23:25:00+00:00,short,43931.8664,43833.8736,43980.8629,43833.8736,48.9964,100.0,win,1,15000.0,0,0,-0.0491,-0.1921,1.4402,7.9691,8.8693,2.9402,0.5874,26.0915,-0.2393,23,5,1.5716,0.8855
2023-12-10 20:32:00+00:00,2023-12-10 20:44:00+00:00,long,43892.1486,43958.2914,43859.0771,43958.2914,33.0714,100.0,win,1,15100.0,1,1,0.029,0.0804,2.9011,10.6198,7.865,4.4011,1.6231,75.7125,0.0994,20,6,0.7859,0.4587
2023-12-12 02:07:00+00:00,2023-12-12 02:16:00+00:00,long,41739.5557,41838.4843,41690.0914,41838.4843,49.4643,100.0,win,1,15200.0,1,1,0.0926,0.4654,0.61,2.8964,1.1048,2.11,0.6712,60.1379,0.2417,2,1,0.6513,0.3869
2023-12-16 01:05:00+00:00,2023-12-16 01:21:00+00:00,long,42006.72,42134.52,41942.82,42134.52,63.9,100.0,win,1,15300.0,1,0,0.1822,-0.0172,0.6008,4.7016,3.4264,2.4767,1.7447,64.2101,0.2982,1,5,0.7105,1.0361
2023-12-16 10:06:00+00:00,2023-12-16 10:09:00+00:00,long,42288.745,42258.72,42258.72,42348.795,30.025,-50.0,loss,0,15250.0,1,1,0.1081,0.0942,0.5567,3.5945,2.3918,2.0636,1.4724,67.7942,0.3179,10,5,1.0183,0.5023
2023-12-18 19:32:00+00:00,2023-12-18 19:58:00+00:00,short,41666.9471,41747.9543,41747.9543,41504.9329,81.0071,-50.0,loss,0,15200.0,0,1,-0.1196,0.2681,0.6456,0.2424,1.325,2.2837,0.414,47.0681,1.1328,19,0,1.504,0.1948
2023-12-22 02:15:00+00:00,2023-12-22 02:27:00+00:00,short,44130.8407,44004.8193,44193.8514,44004.8193,63.0107,100.0,win,1,15300.0,0,1,-0.0649,0.2692,0.6427,1.333,1.9757,2.1427,0.4932,51.8643,0.0799,2,4,0.7487,0.3133
2023-12-23 14:15:00+00:00,2023-12-23 14:27:00+00:00,long,43781.0986,43739.6771,43739.6771,43863.9414,41.4214,-50.0,loss,0,15250.0,1,1,0.0831,0.2204,0.9345,4.9782,2.5155,2.4345,0.9826,59.5112,0.3334,14,5,1.185,0.5763
2023-12-25 02:45:00+00:00,2023-12-25 03:14:00+00:00,long,43017.2671,43128.8529,42961.4743,43128.8529,55.7929,100.0,win,1,15350.0,1,1,0.1642,-0.0697,0.6153,1.5269,0.3418,2.1191,0.2898,56.9036,0.145,2,0,1.2046,0.3268
2023-12-26 19:37:00+00:00,2023-12-26 19:57:00+00:00,short,42232.5057,42124.5343,42286.4914,42124.5343,53.9857,100.0,win,1,15450.0,0,1,-0.1968,-0.0179,0.7441,1.8165,3.791,2.2441,0.1366,32.3445,-0.823,19,1,0.6436,0.6347
2023-12-27 11:04:00+00:00,2023-12-27 11:53:00+00:00,short,43200.1364,42961.4436,43319.4829,42961.4436,119.3464,100.0,win,1,15550.0,0,1,-0.1848,0.8491,0.8403,0.4886,2.1032,2.8171,0.5466,43.1379,1.1754,11,2,0.9545,0.1622
2023-12-30 16:42:00+00:00,2023-12-30 17:10:00+00:00,short,42543.8157,42366.7443,42632.3514,42366.7443,88.5357,100.0,win,1,15650.0,0,1,-0.0884,0.5668,1.092,1.0013,2.4007,2.592,0.9228,54.2207,1.1474,16,5,0.795,0.1119
2024-01-01 02:06:00+00:00,2024-01-01 03:16:00+00:00,short,42614.9014,42518.2586,42663.2229,42518.2586,48.3214,100.0,win,1,15750.0,0,1,-0.2095,0.1627,0.695,2.0668,2.9663,2.195,0.3801,11.9694,0.027,2,0,0.8333,1.1481
2024-01-01 04:05:00+00:00,2024-01-01 04:11:00+00:00,long,42414.965,42376.54,42376.54,42491.815,38.425,-50.0,loss,0,15700.0,1,0,0.1591,-0.2359,0.5886,1.8801,0.812,2.094,0.2829,61.3493,-0.3138,4,0,0.7348,0.4341
2024-01-01 06:33:00+00:00,2024-01-01 07:02:00+00:00,long,42382.635,42494.985,42326.46,42494.985,56.175,100.0,win,1,15800.0,1,1,0.0371,-0.0034,1.8739,4.8529,3.6577,3.3739,2.2602,51.3247,-0.2652,6,0,0.9956,0.1643
2024-01-03 05:49:00+00:00,2024-01-03 06:25:00+00:00,short,45266.6143,45343.6286,45343.6286,45112.5857,77.0143,-50.0,loss,0,15750.0,0,1,-0.1052,0.0129,1.8278,1.292,2.7611,3.3278,0.3355,40.7767,0.0729,5,2,1.1796,0.3463
2024-01-03 12:36:00+00:00,2024-01-03 16:01:00+00:00,long,42386.2514,43216.1086,41971.3229,43216.1086,414.9286,100.0,win,1,15850.0,1,0,1.0668,-3.8728,0.6881,2.0396,0.1973,2.2131,0.5468,52.982,-1.5642,12,2,0.5653,0.4923
2024-01-03 16:33:00+00:00,2024-01-03 16:38:00+00:00,short,43350.2264,42937.6336,43556.5229,42937.6336,206.2964,100.0,win,1,15950.0,0,1,-0.296,1.1363,1.2765,0.377,1.6805,2.7779,1.6969,52.0064,0.855,16,2,0.6594,0.0937
2024-01-04 02:14:00+00:00,2024-01-04 02:46:00+00:00,long,42912.9421,43072.8779,42832.9743,43072.8779,79.9679,100.0,win,1,16050.0,1,0,0.2669,0.2743,1.1152,7.1455,5.4973,2.6152,4.3543,78.9037,0.2229,2,3,0.7805,0.7546
2024-01-06 03:59:00+00:00,2024-01-06 04:05:00+00:00,short,43935.5814,43969.3029,43969.3029,43868.1386,33.7214,-50.0,loss,0,16000.0,0,1,-0.0945,-0.0427,0.6323,1.3279,2.4155,2.1323,0.1374,32.8032,-0.1309,3,5,0.929,0.326
2024-01-06 14:52:00+00:00,2024-01-06 15:06:00+00:00,short,43805.7057,43884.0914,43884.0914,43648.9343,78.3857,-50.0,loss,0,15950.0,0,1,-0.1226,0.13,0.636,0.1205,2.6105,3.2583,0.7508,20.4296,0.0882,14,5,0.9555,0.596
2024-01-08 17:11:00+00:00,2024-01-08 17:15:00+00:00,long,45028.8786,45168.7214,44958.9571,45168.7214,69.9214,100.0,win,1,16050.0,1,1,0.1351,0.2669,0.7368,4.2288,2.1785,2.24,0.5342,73.3333,1.3944,17,0,0.7702,0.5712
2024-01-09 06:17:00+00:00,2024-01-09 06:37:00+00:00,long,46832.6321,46754.3143,46754.3143,46989.2679,78.3179,-50.0,loss,0,16000.0,1,0,0.0582,0.1387,0.9723,4.5741,4.0627,2.4723,0.9956,69.1362,0.2876,6,1,1.2105,0.4392
2024-01-11 06:43:00+00:00,2024-01-11 07:12:00+00:00,long,45903.5729,46096.1871,45807.2657,46096.1871,96.3071,100.0,win,1,16100.0,1,0,0.1994,-0.5893,0.7783,4.0879,2.5573,2.2783,0.2015,67.974,-0.8829,6,3,0.7675,0.6209
2024-01-14 02:39:00+00:00,2024-01-14 02:49:00+00:00,long,42750.4043,42819.4757,42715.8686,42819.4757,34.5357,100.0,win,1,16200.0,1,0,0.1404,-0.0939,0.6643,3.7601,1.88,2.1643,0.5653,68.6226,-0.035,2,6,0.9624,0.3403
2024-01-15 10:10:00+00:00,2024-01-15 10:37:00+00:00,short,42708.5243,42593.1957,42766.1886,42593.1957,57.6643,100.0,win,1,16300.0,0,1,-0.1347,0.0383,1.3486,0.5681,1.5561,2.8486,0.6495,33.0084,0.5015,10,0,0.8408,0.2046
2024-01-15 12:17:00+00:00,2024-01-15 13:26:00+00:00,short,42660.9421,42732.9743,42732.9743,42516.8779,72.0321,-50.0,loss,0,16250.0,0,1,-0.1156,-0.0026,1.2352,0.6687,1.9904,2.8335,0.6633,51.6372,0.339,12,0,1.1051,0.1439
2024-01-16 05:52:00+00:00,2024-01-16 06:00:00+00:00,short,42837.6543,42750.4257,42881.2686,42750.4257,43.6143,100.0,win,1,16350.0,0,0,-0.1421,0.0703,0.6345,1.2434,2.3692,2.2317,0.7452,29.5053,0.2164,5,1,1.0296,0.5179
2024-01-16 19:51:00+00:00,2024-01-16 20:00:00+00:00,short,43072.3443,43193.0086,43193.0086,42831.0157,120.6643,-50.0,loss,0,16300.0,0,1,-0.124,0.0135,1.2829,1.2068,2.1728,3.0592,0.8405,42.5378,0.4706,19,1,1.1645,0.1011
2024-01-17 17:44:00+00:00,2024-01-17 17:49:00+00:00,short,42361.0386,42428.0171,42428.0171,42227.0814,66.9786,-50.0,loss,0,16250.0,0,0,-0.1585,-0.275,0.9421,0.9567,2.6656,2.4457,0.8278,29.8815,-0.7254,17,2,0.7647,0.2967
2024-01-20 03:41:00+00:00,2024-01-20 03:45:00+00:00,long,41582.6757,41545.5114,41545.5114,41657.0043,37.1643,-50.0,loss,0,16200.0,1,0,0.0724,-0.0287,1.5274,1.5928,0.8576,3.0356,0.7914,54.6224,0.0437,3,5,0.8531,0.1787
2024-01-21 20:45:00+00:00,2024-01-21 20:47:00+00:00,short,41713.465,41668.715,41735.84,41668.715,22.375,100.0,win,1,16300.0,0,1,-0.0236,0.0333,0.7746,0.8555,2.2659,2.5867,0.3317,43.2522,0.0151,20,6,0.8858,0.4936
2024-01-23 05:05:00+00:00,2024-01-23 05:07:00+00:00,short,40059.1321,40082.5143,40082.5143,40012.3679,23.3821,-50.0,loss,0,16250.0,0,0,-0.0039,0.0964,0.5232,6.3654,7.2761,2.2654,0.8285,33.5118,0.4178,5,1,0.6653,0.5378
2024-01-24 01:15:00+00:00,2024-01-24 01:59:00+00:00,short,39947.1836,39743.4764,40049.0371,39743.4764,101.8536,100.0,win,1,16350.0,0,1,-0.3241,0.477,0.7547,1.7103,3.7409,2.7651,1.4019,19.189,-0.207,1,2,0.8951,0.921
2024-01-25 02:13:00+00:00,2024-01-25 02:32:00+00:00,long,40008.9414,39949.7629,39949.7629,40127.2986,59.1786,-50.0,loss,0,16300.0,1,0,0.0166,-0.0124,0.6915,1.5253,0.1139,2.407,0.4587,58.6765,-0.0903,2,3,0.9831,0.2198
2024-01-25 22:25:00+00:00,2024-01-25 22:30:00+00:00,short,39912.0229,39940.7657,39940.7657,39854.5371,28.7429,-50.0,loss,0,16250.0,0,1,-0.0463,0.1086,1.0598,0.6501,1.4427,2.5598,0.478,49.9492,-0.0149,22,3,0.6234,0.0923
2024-01-26 08:58:00+00:00,2024-01-26 09:10:00+00:00,short,40115.25,40178.7,40178.7,39988.35,63.45,-50.0,loss,0,16200.0,0,1,-0.0281,0.1365,1.3156,1.2489,2.0933,2.82,0.6779,41.3525,0.1409,8,4,1.0927,0.1341
2024-01-26 23:19:00+00:00,2024-01-27 00:46:00+00:00,short,41861.2543,41726.0257,41928.8686,41726.0257,67.6143,100.0,win,1,16300.0,0,0,-0.0738,-0.1273,1.3677,0.2888,0.7985,2.872,3.4685,32.8606,1.7287,23,4,1.0034,0.2907
2024-01-27 17:10:00+00:00,2024-01-27 17:25:00+00:00,long,41806.9407,41780.3514,41780.3514,41860.1193,26.5893,-50.0,loss,0,16250.0,1,0,0.0603,0.0445,1.0101,2.3695,0.9912,2.5101,0.3099,51.9395,0.2723,17,5,0.8823,0.1661
2024-01-29 01:58:00+00:00,2024-01-29 02:07:00+00:00,short,42139.9214,42180.6429,42180.6429,42058.4786,40.7214,-50.0,loss,0,16200.0,0,1,-0.1159,0.2901,0.6193,0.4476,1.8476,2.1193,0.1998,26.6621,0.1242,1,0,0.6616,0.7478
2024-01-30 07:45:00+00:00,2024-01-30 07:50:00+00:00,short,43346.5229,43374.8657,43374.8657,43289.8371,28.3429,-50.0,loss,0,16150.0,0,1,-0.1071,-0.0761,0.6425,1.2473,3.2732,2.1425,0.6031,16.5854,-0.2465,7,1,0.7964,0.7858
2024-01-31 11:31:00+00:00,2024-01-31 12:20:00+00:00,long,42511.0164,42678.9236,42427.0629,42678.9236,83.9536,100.0,win,1,16250.0,1,0,0.0623,-0.4247,1.2226,3.2041,1.2194,2.7226,0.4231,56.039,-0.6357,11,2,0.7606,0.3036
2024-01-31 23:04:00+00:00,2024-01-31 23:38:00+00:00,short,42606.6886,42671.6171,42671.6171,42476.8314,64.9286,-50.0,loss,0,16200.0,0,1,-0.0846,-0.2214,0.7567,0.7674,1.5994,2.3284,0.6857,44.7958,-0.7698,23,2,0.8673,0.1558
2024-02-02 01:23:00+00:00,2024-02-02 01:30:00+00:00,long,43245.5786,43192.4571,43192.4571,43351.8214,53.1214,-50.0,loss,0,16150.0,1,1,0.0163,0.309,0.6462,2.3822,0.8142,2.2883,0.3173,54.6942,-0.0097,1,4,0.797,0.1901
2024-02-04 23:04:00+00:00,2024-02-05 00:18:00+00:00,long,42567.05,42485.3,42485.3,42730.55,81.75,-50.0,loss,0,16100.0,1,0,0.1887,-0.2976,0.5086,1.5802,0.3975,2.0185,0.3146,63.9042,-0.495,23,6,0.9754,0.3835
2024-02-05 05:42:00+00:00,2024-02-05 05:46:00+00:00,long,42684.6936,42727.4864,42663.2971,42727.4864,21.3964,100.0,win,1,16200.0,1,0,0.0891,0.1413,0.626,2.5436,0.2881,2.126,0.4266,73.527,0.4016,5,0,0.7592,0.6018
2024-02-05 18:43:00+00:00,2024-02-05 18:59:00+00:00,long,42619.0114,42717.4686,42569.7829,42717.4686,49.2286,100.0,win,1,16300.0,1,1,0.0615,-0.2673,0.6467,1.7784,0.6685,2.1511,0.2096,50.0883,-0.6714,18,0,0.835,0.1403
2024-02-07 04:27:00+00:00,2024-02-07 05:10:00+00:00,long,42851.3271,42949.9129,42802.0343,42949.9129,49.2929,100.0,win,1,16400.0,1,0,0.0379,-0.2476,0.9533,2.1491,1.523,2.7804,0.7225,52.1434,-0.253,4,2,0.7955,0.156
2024-02-09 03:20:00+00:00,2024-02-09 04:19:00+00:00,short,46154.6443,45837.1157,46313.4086,45837.1157,158.7643,100.0,win,1,16500.0,0,1,-0.2225,1.0667,0.5231,0.2981,1.9286,2.3197,0.4963,48.6381,0.5741,3,4,0.922,0.2115
2024-02-10 01:01:00+00:00,2024-02-10 01:28:00+00:00,long,47085.3343,47215.9057,47020.0486,47215.9057,65.2857,100.0,win,1,16600.0,1,0,0.119,-0.2626,1.1477,1.5371,0.6976,2.6477,1.9771,64.0672,-0.0858,1,5,0.7799,0.1442
2024-02-10 10:25:00+00:00,2024-02-10 10:40:00+00:00,long,47118.0343,47078.9486,47078.9486,47196.2057,39.0857,-50.0,loss,0,16550.0,1,0,0.0182,-0.1145,0.9964,1.7181,0.4215,2.4964,0.5646,56.8421,-0.2556,10,5,0.7747,0.3767
2024-02-13 21:55:00+00:00,2024-02-13 22:01:00+00:00,short,49562.5693,49650.3086,49650.3086,49387.0907,87.7393,-50.0,loss,0,16500.0,0,1,-0.2002,0.4141,0.8912,2.1367,3.8781,2.3912,0.6501,43.3865,0.4057,21,1,0.8569,0.5963
2024-02-14 21:13:00+00:00,2024-02-14 21:46:00+00:00,short,51593.8436,51708.6971,51708.6971,51364.1364,114.8536,-50.0,loss,0,16450.0,0,1,-0.0202,-0.1032,0.8936,3.1055,4.3182,2.5278,0.8762,33.095,0.8346,21,2,1.0521,0.1852
2024-02-15 01:00:00+00:00,2024-02-15 01:10:00+00:00,short,52327.1814,52045.3386,52468.1029,52045.3386,140.9214,100.0,win,1,16550.0,0,1,-0.2532,0.6854,0.5809,0.2509,1.6964,2.7197,1.6307,39.5344,0.0855,1,3,0.739,0.3494
2024-02-15 02:11:00+00:00,2024-02-15 03:42:00+00:00,long,52101.2529,52423.8671,51939.9457,52423.8671,161.3071,100.0,win,1,16650.0,1,0,0.151,0.2442,1.4595,4.6153,3.5744,2.9613,1.0182,70.0712,-0.1224,2,3,0.9058,0.5098
2024-02-15 08:51:00+00:00,2024-02-15 08:53:00+00:00,short,51883.0179,51965.8857,51965.8857,51717.2821,82.8679,-50.0,loss,0,16600.0,0,1,-0.1449,-0.1788,1.3366,0.0103,2.9439,2.84,0.4763,43.7009,-0.4546,8,3,0.7746,0.3351
2024-02-16 22:09:00+00:00,2024-02-16 23:02:00+00:00,short,51973.4914,52033.3629,52033.3629,51853.7486,59.8714,-50.0,loss,0,16550.0,0,1,-0.0842,0.0889,1.1449,0.8286,1.4663,3.0065,2.3552,39.4108,-0.1669,22,4,1.137,0.1436
2024-02-17 05:02:00+00:00,2024-02-17 05:12:00+00:00,short,52024.2471,51953.2329,52059.7543,51953.2329,35.5071,100.0,win,1,16650.0,0,1,-0.0677,0.0383,0.9467,0.9121,1.6792,2.4536,1.054,35.2054,0.0063,5,5,1.3046,0.1467
2024-02-19 15:38:00+00:00,2024-02-19 15:46:00+00:00,short,52207.0936,52051.6864,52284.7971,52051.6864,77.7036,100.0,win,1,16750.0,0,1,-0.2137,-0.0836,0.8592,0.9412,2.1375,2.3592,0.3567,25.6861,-0.1344,15,0,1.0671,0.3614
2024-02-20 05:03:00+00:00,2024-02-20 05:24:00+00:00,short,51822.8157,51865.7514,51865.7514,51736.9443,42.9357,-50.0,loss,0,16700.0,0,1,-0.0608,0.1684,0.6251,0.4366,1.2899,2.13,0.6196,38.4926,0.3587,5,1,0.8119,0.2185
2024-02-21 10:28:00+00:00,2024-02-21 11:26:00+00:00,long,51227.245,51122.62,51122.62,51436.495,104.625,-50.0,loss,0,16650.0,1,0,0.263,-0.4418,0.5276,2.0815,0.9137,2.0296,0.3313,66.0725,-0.7716,10,2,0.7984,0.5395
2024-02-21 17:18:00+00:00,2024-02-21 17:35:00+00:00,short,51320.4271,51120.4129,51420.4343,51120.4129,100.0071,100.0,win,1,16750.0,0,1,-0.1164,0.2162,0.9833,0.1217,1.4303,2.4833,0.4179,36.0762,-0.0427,17,2,0.9305,0.3165
2024-02-22 07:05:00+00:00,2024-02-22 07:10:00+00:00,short,51719.1279,51790.5457,51790.5457,51576.2921,71.4179,-50.0,loss,0,16700.0,0,1,-0.1797,0.1812,0.7833,0.7225,1.7104,2.2833,1.1497,32.444,0.3211,7,3,1.2382,0.3106
2024-02-23 01:23:00+00:00,2024-02-23 01:29:00+00:00,short,51417.9621,51456.1943,51456.1943,51341.4979,38.2321,-50.0,loss,0,16650.0,0,1,-0.0714,-0.066,1.5212,1.0617,1.9253,3.0291,0.433,34.4951,0.0282,1,4,0.7658,0.6651
2024-02-25 19:11:00+00:00,2024-02-25 19:26:00+00:00,short,51562.2429,51591.3857,51591.3857,51503.9571,29.1429,-50.0,loss,0,16600.0,0,1,-0.0443,0.0143,0.6702,0.5436,1.966,2.1702,1.1322,40.5767,-0.1196,19,6,1.2084,0.1586
2024-02-26 21:53:00+00:00,2024-02-26 22:05:00+00:00,short,54615.4729,54739.6657,54739.6657,54367.0871,124.1929,-50.0,loss,0,16550.0,0,0,-0.2094,0.5963,1.2766,0.7601,1.9674,2.7766,0.5734,33.4226,3.2573,21,0,1.0397,0.187
2024-02-28 12:36:00+00:00,2024-02-28 13:06:00+00:00,long,59457.9886,59840.1314,59266.9171,59840.1314,191.0714,100.0,win,1,16650.0,1,1,0.1411,0.5933,0.9168,4.6278,3.216,2.6868,0.912,71.9372,1.4458,12,2,0.6897,0.3584
2024-03-01 01:26:00+00:00,2024-03-01 01:30:00+00:00,long,61605.785,61491.46,61491.46,61834.435,114.325,-50.0,loss,0,16600.0,1,1,0.2662,0.2519,0.5042,0.9289,0.3749,2.1113,0.3123,60.8635,0.1334,1,4,0.8539,0.5298
2024-03-03 04:02:00+00:00,2024-03-03 04:06:00+00:00,short,61979.3029,62055.9457,62055.9457,61826.0171,76.6429,-50.0,loss,0,16550.0,0,1,-0.0695,0.079,1.2345,0.8384,2.8007,2.7345,0.6954,36.5954,0.1167,4,6,1.1544,0.312
2024-03-03 17:29:00+00:00,2024-03-03 17:34:00+00:00,short,62790.3014,62549.8586,62910.5229,62549.8586,120.2214,100.0,win,1,16650.0,0,1,-0.1317,0.4364,0.5372,0.6439,1.7894,2.0372,0.1202,45.2568,1.0435,17,6,0.7252,0.3745
2024-03-04 18:57:00+00:00,2024-03-04 19:07:00+00:00,long,66669.4893,66489.6286,66489.6286,67029.2107,179.8607,-50.0,loss,0,16600.0,1,0,0.1361,0.1387,0.663,1.9493,0.1661,2.1642,0.5734,58.7809,2.2914,18,0,0.5821,0.4706
2024-03-05 08:42:00+00:00,2024-03-05 09:33:00+00:00,long,66812.6693,66575.2086,66575.2086,67287.5907,237.4607,-50.0,loss,0,16550.0,1,0,0.0444,-0.2134,0.8201,1.8044,0.8924,2.3211,0.7914,58.8894,-0.6435,8,1,0.6199,0.2185
2024-03-05 13:52:00+00:00,2024-03-05 14:41:00+00:00,short,67722.6307,67993.9914,67993.9914,67179.9093,271.3607,-50.0,loss,0,16500.0,0,1,-0.2034,0.5728,0.8409,1.1208,2.1928,2.8774,0.5846,30.9792,0.7189,13,1,0.8819,0.1287
2024-03-05 15:23:00+00:00,2024-03-05 15:31:00+00:00,short,67960.5921,66678.2279,68601.7743,66678.2279,641.1821,100.0,win,1,16600.0,0,1,-0.3983,0.2035,0.8628,0.7457,2.2636,2.4294,0.3134,49.5134,0.733,15,1,1.0505,0.352
2024-03-05 21:55:00+00:00,2024-03-05 23:14:00+00:00,short,63152.9857,63694.5714,63694.5714,62069.8143,541.5857,-50.0,loss,0,16550.0,0,1,-0.6389,-0.3789,1.1269,2.8439,3.5148,2.6698,0.5062,33.886,-3.822,21,1,0.8819,0.4996
2024-03-06 10:18:00+00:00,2024-03-06 11:21:00+00:00,long,66686.4593,67135.6807,66461.8486,67135.6807,224.6107,100.0,win,1,16650.0,1,0,0.3391,0.1596,0.5152,1.5977,0.5529,2.0161,0.5048,60.6144,1.7276,10,2,0.8227,0.2859
2024-03-06 19:26:00+00:00,2024-03-06 19:45:00+00:00,long,67081.23,66827.88,66827.88,67587.93,253.35,-50.0,loss,0,16600.0,1,0,0.064,0.2203,0.6809,2.8004,0.54,2.7038,0.4156,55.2873,1.6021,19,2,0.7715,0.0258
2024-03-07 08:50:00+00:00,2024-03-07 09:45:00+00:00,short,66730.0071,66961.4143,66961.4143,66267.1929,231.4071,-50.0,loss,0,16550.0,0,1,-0.1147,0.4988,1.2526,0.3384,2.0981,2.89,0.8961,45.0706,0.7697,8,3,0.8271,0.1128
2024-03-07 18:01:00+00:00,2024-03-07 19:03:00+00:00,short,67654.5679,67895.1857,67895.1857,67173.3321,240.6179,-50.0,loss,0,16500.0,0,1,-0.1117,0.277,0.5812,1.1933,2.4222,2.2555,0.5156,39.7848,1.1895,18,3,0.9015,0.3039
2024-03-08 11:08:00+00:00,2024-03-08 11:10:00+00:00,short,67392.2879,67472.1057,67472.1057,67232.6521,79.8179,-50.0,loss,0,16450.0,0,1,-0.0495,0.1135,1.4659,0.7739,1.7486,2.9696,0.2921,47.2483,0.2576,11,4,0.7905,0.1971
2024-03-08 20:27:00+00:00,2024-03-08 21:53:00+00:00,short,68963.3886,68253.5314,69318.3171,68253.5314,354.9286,100.0,win,1,16550.0,0,1,-0.5499,0.499,1.1796,1.1341,1.9241,2.9361,1.7326,36.2269,1.4048,20,4,0.9463,0.3041
2024-03-13 13:08:00+00:00,2024-03-13 13:28:00+00:00,long,72998.2764,72764.6229,72764.6229,73465.5836,233.6536,-50.0,loss,0,16500.0,1,0,0.0595,-0.1918,0.547,1.821,0.547,2.1587,0.4289,51.9335,0.2481,13,2,1.1823,0.1513
2024-03-13 20:42:00+00:00,2024-03-13 20:49:00+00:00,short,73039.1257,73145.2114,73145.2114,72826.9543,106.0857,-50.0,loss,0,16450.0,0,0,-0.0732,-0.0618,0.6109,2.6046,3.8403,2.1109,0.2702,28.3694,0.3666,20,2,0.716,0.8615
2024-03-14 14:19:00+00:00,2024-03-14 14:33:00+00:00,long,72259.4957,71925.5314,71925.5314,72927.4243,333.9643,-50.0,loss,0,16400.0,1,0,0.2149,-0.4238,0.93,1.9221,0.5506,2.5292,0.6125,53.6015,-0.8257,14,3,0.7064,0.387
2024-03-15 07:04:00+00:00,2024-03-15 07:36:00+00:00,short,68462.3607,68684.9714,68684.9714,68017.1393,222.6107,-50.0,loss,0,16350.0,0,1,-0.2128,0.1422,0.7447,1.3148,3.4589,2.3284,0.5754,55.4165,-0.4737,7,4,0.7343,0.1049
2024-03-15 19:30:00+00:00,2024-03-15 19:48:00+00:00,short,69947.0029,69028.9171,70406.0457,69028.9171,459.0429,100.0,win,1,16450.0,0,1,-0.2468,1.3956,0.7021,1.6176,2.7531,2.4809,0.6764,32.1731,2.3303,19,4,0.9646,0.4868
2024-03-15 21:43:00+00:00,2024-03-15 21:57:00+00:00,short,68158.43,68327.58,68327.58,67820.13,169.15,-50.0,loss,0,16400.0,0,0,-0.0699,-0.4573,0.5596,0.595,1.772,2.2169,0.5811,59.2499,-0.2794,21,4,0.6318,0.1323
2024-03-15 23:18:00+00:00,2024-03-15 23:24:00+00:00,short,68915.3329,69110.3257,69110.3257,68525.3471,194.9929,-50.0,loss,0,16350.0,0,1,-0.1518,0.4654,0.7979,0.3524,1.3839,2.4894,0.323,56.5584,0.8152,23,4,0.8744,0.1697
2024-03-16 21:15:00+00:00,2024-03-16 21:21:00+00:00,short,66868.6414,66159.5986,67223.1629,66159.5986,354.5214,100.0,win,1,16450.0,0,0,-0.0575,-0.6541,1.2394,2.1659,3.138,2.7394,1.667,32.89,-1.8986,21,5,1.143,0.4221
2024-03-18 11:51:00+00:00,2024-03-18 12:06:00+00:00,short,68299.3779,68419.5457,68419.5457,68059.0421,120.1679,-50.0,loss,0,16400.0,0,1,-0.195,0.1955,0.7749,0.9417,3.0353,2.2768,0.6813,32.3699,0.4431,11,0,0.8961,0.4231
2024-03-19 08:15:00+00:00,2024-03-19 08:21:00+00:00,short,64360.3043,63898.3757,64591.2686,63898.3757,230.9643,100.0,win,1,16500.0,0,0,-0.3221,-0.7255,0.8567,0.6678,1.8969,2.5369,0.8603,35.7709,-1.8157,8,1,0.7547,0.3404
2024-03-20 04:55:00+00:00,2024-03-20 05:08:00+00:00,long,61688.1871,61325.3943,61325.3943,62413.7729,362.7929,-50.0,loss,0,16450.0,1,0,0.676,-1.0235,0.8089,2.0124,0.9444,2.3089,2.5523,66.384,-1.038,4,2,0.8984,0.2064
2024-03-20 10:08:00+00:00,2024-03-20 10:29:00+00:00,short,63116.2707,63341.7314,63341.7314,62665.3493,225.4607,-50.0,loss,0,16400.0,0,0,-0.1076,0.4564,1.3873,1.0604,1.9226,2.9014,0.6477,45.9253,1.2756,10,2,0.7787,0.0217
2024-03-20 23:08:00+00:00,2024-03-21 00:26:00+00:00,long,67781.5043,67531.0686,67531.0686,68282.3757,250.4357,-50.0,loss,0,16350.0,1,0,0.339,1.0156,0.8861,3.2489,2.1151,2.3861,0.6012,68.4877,6.2495,23,2,0.948,0.2648
2024-03-22 17:30:00+00:00,2024-03-22 17:34:00+00:00,short,63384.7193,63664.3086,63664.3086,62825.5407,279.5893,-50.0,loss,0,16300.0,0,1,-0.3434,-0.2671,0.5709,1.018,1.9852,2.7905,0.7682,44.6611,-1.5026,17,4,0.7068,0.2652
2024-03-22 20:17:00+00:00,2024-03-22 21:11:00+00:00,short,63557.8036,63064.6964,63804.3571,63064.6964,246.5536,100.0,win,1,16400.0,0,0,-0.1907,-0.2503,0.9726,3.8175,5.0784,3.1595,1.3585,30.4082,-1.1608,20,4,1.0076,0.8653
2024-03-23 07:53:00+00:00,2024-03-23 08:00:00+00:00,short,64522.2229,64630.5657,64630.5657,64305.5371,108.3429,-50.0,loss,0,16350.0,0,1,-0.1401,0.4403,0.6129,0.8413,1.6436,2.1149,0.413,40.5436,0.8545,7,5,0.652,0.3302
2024-03-23 15:01:00+00:00,2024-03-23 15:06:00+00:00,short,65183.0936,65386.0971,65386.0971,64777.0864,203.0036,-50.0,loss,0,16300.0,0,1,-0.3395,0.6049,1.4676,1.1143,1.8915,2.9882,1.6676,50.0781,1.3341,15,5,0.7186,0.2529
2024-03-24 17:30:00+00:00,2024-03-24 18:05:00+00:00,long,65127.1779,65577.8421,64901.8457,65577.8421,225.3321,100.0,win,1,16400.0,1,0,0.4029,-0.4078,1.1134,1.7409,0.7504,2.6134,1.1946,62.7628,0.2741,17,6,0.8781,0.4087
2024-03-26 19:47:00+00:00,2024-03-26 19:57:00+00:00,long,69892.3807,69670.0914,69670.0914,70336.9593,222.2893,-50.0,loss,0,16350.0,1,0,0.1159,-0.2333,1.4175,2.1984,1.26,2.9175,0.4935,61.6328,-0.7546,19,1,0.8189,0.1673
2024-03-27 03:25:00+00:00,2024-03-27 03:55:00+00:00,short,70590.9279,70387.8921,70692.4457,70387.8921,101.5179,100.0,win,1,16450.0,0,1,-0.0808,0.2038,0.7421,0.2717,1.6851,2.2421,0.2802,48.007,0.1742,3,2,0.8934,0.2498
2024-03-27 18:43:00+00:00,2024-03-27 18:55:00+00:00,long,68872.0964,68590.3429,68590.3429,69435.6036,281.7536,-50.0,loss,0,16400.0,1,0,0.1987,-0.3474,1.374,2.5797,1.5148,2.874,0.6967,65.1077,-1.5169,18,2,0.9091,0.2608
2024-03-27 23:20:00+00:00,2024-03-27 23:51:00+00:00,short,69315.1543,69441.7686,69441.7686,69061.9257,126.6143,-50.0,loss,0,16350.0,0,1,-0.1646,0.1354,1.085,2.8468,4.0866,2.7204,0.4521,24.7936,-0.7959,23,2,0.8436,0.5232
2024-03-28 18:32:00+00:00,2024-03-28 18:46:00+00:00,short,70894.6971,70646.9829,71018.5543,70646.9829,123.8571,100.0,win,1,16450.0,0,1,-0.164,-0.0553,1.0659,0.6178,2.2492,2.6942,1.0556,35.364,0.4665,18,3,0.9658,0.3076
2024-03-28 19:12:00+00:00,2024-03-28 19:34:00+00:00,long,70767.3643,70973.6357,70664.2286,70973.6357,103.1357,100.0,win,1,16550.0,1,0,0.2302,-0.1154,0.6356,1.3958,0.34,2.1778,0.4485,68.7149,0.2962,19,3,0.9292,0.6772
2024-03-31 13:56:00+00:00,2024-03-31 14:02:00+00:00,short,70658.6229,70533.3371,70721.2657,70533.3371,62.6429,100.0,win,1,16650.0,0,1,-0.066,0.1253,0.8006,0.3232,2.4533,2.3006,1.0648,34.5657,0.4623,13,6,0.7645,0.5932
2024-03-31 16:36:00+00:00,2024-03-31 18:31:00+00:00,short,70590.9479,70657.1657,70657.1657,70458.5121,66.2179,-50.0,loss,0,16600.0,0,1,-0.1162,0.0482,0.5348,0.3051,1.0204,2.1726,0.1634,34.6208,0.2993,16,6,0.9324,0.4022
2024-04-01 12:06:00+00:00,2024-04-01 12:15:00+00:00,long,69544.8557,69724.7843,69454.8914,69724.7843,89.9643,100.0,win,1,16700.0,1,0,0.052,-0.0526,1.112,1.8465,0.7636,2.612,0.8292,49.0086,-0.4504,12,0,0.9041,0.0464
2024-04-02 03:17:00+00:00,2024-04-02 03:21:00+00:00,long,67062.7557,66653.6914,66653.6914,67880.8843,409.0643,-50.0,loss,0,16650.0,1,0,0.1872,-2.1816,1.0464,1.2507,0.1266,2.8921,0.9172,51.4943,-1.0301,3,1,0.5527,0.1641
2024-04-02 12:42:00+00:00,2024-04-02 12:53:00+00:00,short,65633.5679,65136.9321,65881.8857,65136.9321,248.3179,100.0,win,1,16750.0,0,1,-0.2354,-0.3754,1.8198,1.2909,2.721,3.3252,1.5499,33.9289,-1.6641,12,1,0.8411,0.2504
2024-04-05 09:48:00+00:00,2024-04-05 11:51:00+00:00,long,66789.8486,66538.2771,66538.2771,67292.9914,251.5714,-50.0,loss,0,16700.0,1,0,0.2297,-0.3371,1.3343,1.7561,0.4399,3.0488,0.4579,57.4472,-0.7037,9,4,0.8719,0.3813
2024-04-06 20:27:00+00:00,2024-04-06 20:54:00+00:00,long,68289.0779,68391.3421,68237.9457,68391.3421,51.1321,100.0,win,1,16800.0,1,0,0.0851,0.0762,0.801,1.5481,0.351,2.301,0.2462,76.5662,0.467,20,5,0.8487,0.5047
2024-04-06 23:44:00+00:00,2024-04-07 01:07:00+00:00,short,69075.5907,69235.9514,69235.9514,68754.8693,160.3607,-50.0,loss,0,16750.0,0,1,-0.1429,0.4276,0.5783,1.1396,1.9735,2.1126,0.391,30.1623,1.1798,23,5,0.8403,0.6276
2024-04-07 05:12:00+00:00,2024-04-07 05:17:00+00:00,long,69388.7979,69300.7657,69300.7657,69564.8621,88.0321,-50.0,loss,0,16700.0,1,1,0.035,0.1468,0.8752,6.9473,5.4698,2.3779,0.5145,67.8174,0.1179,5,6,0.9366,0.4931
2024-04-07 15:34:00+00:00,2024-04-07 15:36:00+00:00,short,69629.8443,69379.5157,69755.0086,69379.5157,125.1643,100.0,win,1,16800.0,0,1,-0.2758,0.2117,0.5029,0.647,1.704,2.0045,0.421,29.1734,0.3405,15,6,1.0509,0.4992
2024-04-07 21:05:00+00:00,2024-04-07 21:07:00+00:00,short,69290.2529,69366.1457,69366.1457,69138.4671,75.8929,-50.0,loss,0,16750.0,0,1,-0.0978,-0.1772,0.6361,1.0583,2.6261,2.1361,3.4153,35.2294,-0.3369,21,6,0.9693,0.3452
2024-04-08 17:51:00+00:00,2024-04-08 18:17:00+00:00,long,71644.0571,71905.9429,71513.1143,71905.9429,130.9429,100.0,win,1,16850.0,1,0,0.2088,-0.173,0.7394,1.8073,0.5117,2.2411,0.7858,70.4129,0.3567,17,0,0.817,0.4796
2024-04-09 08:39:00+00:00,2024-04-09 08:55:00+00:00,long,70310.595,70613.545,70159.12,70613.545,151.475,100.0,win,1,16950.0,1,0,0.2809,-0.4565,0.7201,4.1161,2.4747,2.2259,0.5947,66.5033,-0.6422,8,1,0.571,0.9215
2024-04-09 23:01:00+00:00,2024-04-09 23:10:00+00:00,short,69328.2043,69186.8757,69398.8686,69186.8757,70.6643,100.0,win,1,17050.0,0,1,-0.0959,0.1592,1.5666,0.3125,1.5883,3.0666,0.4403,29.5386,-0.8906,23,1,0.843,0.4299
2024-04-10 15:02:00+00:00,2024-04-10 15:13:00+00:00,short,68684.6243,68262.0957,68895.8886,68262.0957,211.2643,100.0,win,1,17150.0,0,1,-0.2318,0.2997,0.5276,0.189,1.4378,2.4496,0.6302,38.9255,0.1501,15,2,0.8404,0.3044
2024-04-10 23:03:00+00:00,2024-04-10 23:08:00+00:00,short,70623.8607,70761.1714,70761.1714,70349.2393,137.3107,-50.0,loss,0,17100.0,0,1,-0.0384,0.6168,0.8836,0.7621,1.6369,2.3836,1.0008,36.6038,2.3952,23,2,0.5802,0.7524
2024-04-11 07:56:00+00:00,2024-04-11 08:34:00+00:00,short,70833.8707,70989.3314,70989.3314,70522.9493,155.4607,-50.0,loss,0,17050.0,0,1,-0.1422,0.0293,1.3417,0.6599,2.3854,2.8417,1.8727,35.5652,0.0967,7,3,0.7517,0.2398
2024-04-12 02:56:00+00:00,2024-04-12 03:25:00+00:00,short,70720.6164,70823.7629,70823.7629,70514.3236,103.1464,-50.0,loss,0,17000.0,0,1,-0.0682,0.4173,0.6848,0.1315,1.7026,2.187,0.3855,49.6873,0.3547,2,4,0.9389,0.1034
2024-04-12 15:18:00+00:00,2024-04-12 16:11:00+00:00,long,69472.51,69226.16,69226.16,69965.21,246.35,-50.0,loss,0,16950.0,1,0,0.1843,-0.7224,1.2386,0.8859,0.0838,2.8679,0.9063,60.1687,-1.25,15,4,0.9453,0.226
2024-04-12 19:21:00+00:00,2024-04-12 20:16:00+00:00,long,66846.15,67450.65,66543.9,67450.65,302.25,100.0,win,1,17050.0,1,0,0.2492,-1.4314,0.5171,3.8873,2.3207,2.1982,0.5555,57.0958,-2.4736,19,4,0.4878,0.2225
2024-04-12 20:54:00+00:00,2024-04-12 22:12:00+00:00,short,66974.5286,67151.1571,67151.1571,66621.2714,176.6286,-50.0,loss,0,17000.0,0,1,-0.3719,-0.6489,0.547,3.7341,5.2859,2.047,0.9119,26.1971,-2.1397,20,4,0.8103,0.5862
2024-04-15 11:00:00+00:00,2024-04-15 11:07:00+00:00,long,66503.6593,66367.7486,66367.7486,66775.4807,135.9107,-50.0,loss,0,16950.0,1,1,0.0434,0.2373,1.4932,1.9358,0.74,2.9932,0.8203,59.7577,1.0407,11,0,0.9606,0.1922
2024-04-16 02:01:00+00:00,2024-04-16 02:27:00+00:00,short,63085.8621,62731.7979,63262.8943,62731.7979,177.0321,100.0,win,1,17050.0,0,0,-0.0965,-0.4258,0.9046,3.389,5.4835,2.4046,0.6891,23.2974,-0.441,2,1,0.9799,0.858
2024-04-16 22:15:00+00:00,2024-04-17 00:47:00+00:00,short,63750.1871,63921.0943,63921.0943,63408.3729,170.9071,-50.0,loss,0,17000.0,0,1,-0.2292,0.7597,1.0946,0.4539,1.8278,2.5946,0.4369,44.4544,1.6419,22,1,0.6113,0.7706
2024-04-17 13:02:00+00:00,2024-04-17 13:06:00+00:00,long,62402.6364,62225.2829,62225.2829,62757.3436,177.3536,-50.0,loss,0,16950.0,1,0,0.3386,-0.5811,0.8348,1.6863,0.416,2.4758,0.9475,59.043,-1.4257,13,2,0.7833,0.3963
2024-04-17 19:04:00+00:00,2024-04-17 19:40:00+00:00,short,61177.4486,60757.5914,61387.3771,60757.5914,209.9286,100.0,win,1,17050.0,0,1,-0.3706,-0.0467,0.8915,4.6586,5.6796,2.4273,2.4999,18.3015,-1.052,19,2,0.7958,0.629
2024-04-18 11:59:00+00:00,2024-04-18 12:27:00+00:00,short,62558.7464,62181.7536,62747.2429,62181.7536,188.4964,100.0,win,1,17150.0,0,1,-0.1317,0.9423,1.0509,0.285,2.4775,2.7136,0.5015,48.0937,1.4181,11,3,0.6367,0.2959
2024-04-19 07:42:00+00:00,2024-04-19 07:50:00+00:00,short,64384.0429,64612.3857,64612.3857,63927.3571,228.3429,-50.0,loss,0,17100.0,0,1,-0.047,1.962,0.8123,1.3915,2.7174,2.4182,0.3508,46.2483,3.6267,7,4,0.459,0.0376
2024-04-20 06:29:00+00:00,2024-04-20 06:48:00+00:00,long,64047.3021,64169.0379,63986.4343,64169.0379,60.8679,100.0,win,1,17200.0,1,0,0.1121,0.0932,0.5774,0.843,0.0038,2.343,0.4058,61.8078,0.4271,6,5,0.6731,0.3067
2024-04-22 04:31:00+00:00,2024-04-22 04:51:00+00:00,short,65608.8386,65809.2171,65809.2171,65208.0814,200.3786,-50.0,loss,0,17150.0,0,1,-0.038,0.5429,1.1011,0.6156,2.018,2.9301,0.6449,51.1682,0.521,4,0,0.7047,0.1394
2024-04-23 04:12:00+00:00,2024-04-23 04:17:00+00:00,long,66497.4057,66415.4914,66415.4914,66661.2343,81.9143,-50.0,loss,0,17100.0,1,0,0.1049,-0.251,0.7173,1.6539,0.3898,2.2173,1.9141,62.4733,-0.3993,4,1,0.9499,0.2121
2024-04-23 17:35:00+00:00,2024-04-23 17:45:00+00:00,long,66667.6557,66851.7843,66575.5914,66851.7843,92.0643,100.0,win,1,17200.0,1,1,0.054,0.1252,0.8922,1.6102,0.3122,2.3948,2.3019,52.3619,0.2974,17,1,0.9443,0.0401
2024-04-24 22:05:00+00:00,2024-04-24 22:46:00+00:00,short,64303.9021,64015.0379,64448.3343,64015.0379,144.4321,100.0,win,1,17300.0,0,1,-0.0974,0.0144,2.2014,0.8431,1.8016,3.7014,0.6685,53.2776,-1.5518,22,2,0.7653,0.0556
2024-04-25 10:47:00+00:00,2024-04-25 10:54:00+00:00,long,63613.7786,63478.6571,63478.6571,63884.0214,135.1214,-50.0,loss,0,17250.0,1,0,0.3345,-0.3683,0.5309,2.5337,1.5585,2.2074,0.5431,68.9233,-0.5959,10,3,0.7018,0.3718
2024-04-25 14:04:00+00:00,2024-04-25 14:57:00+00:00,long,63446.215,63182.24,63182.24,63974.165,263.975,-50.0,loss,0,17200.0,1,0,0.0277,-0.0991,1.1978,1.8763,0.0613,2.6978,0.6781,51.394,-0.4607,14,3,0.8913,0.0142
2024-04-27 02:56:00+00:00,2024-04-27 03:21:00+00:00,short,62935.1357,63066.5714,63066.5714,62672.2643,131.4357,-50.0,loss,0,17150.0,0,1,-0.1129,-0.3019,0.8718,0.4369,1.956,2.6101,0.2314,43.4812,-0.0403,2,5,0.7325,0.6052
2024-04-28 03:46:00+00:00,2024-04-28 04:52:00+00:00,short,64024.925,63786.375,64144.2,63786.375,119.275,100.0,win,1,17250.0,0,1,-0.0456,0.4017,0.972,0.1699,1.0155,2.472,0.8104,46.5558,0.238,3,6,0.7679,0.2331
2024-04-28 19:18:00+00:00,2024-04-28 19:32:00+00:00,short,63801.5064,63726.9136,63838.8029,63726.9136,37.2964,100.0,win,1,17350.0,0,1,-0.0728,0.135,0.5647,0.4263,2.0427,2.0647,0.3513,35.9155,0.0884,19,6,0.5567,0.7048
2024-04-29 14:13:00+00:00,2024-04-29 14:28:00+00:00,long,62200.0764,62706.1836,61947.0229,62706.1836,253.0536,100.0,win,1,17450.0,1,0,0.3924,-0.1286,1.0373,3.3257,1.4781,2.576,0.6213,64.6276,-0.2734,14,0,1.0938,0.5372
2024-05-03 04:15:00+00:00,2024-05-03 04:31:00+00:00,long,59782.5564,59652.2029,59652.2029,60043.2636,130.3536,-50.0,loss,0,17400.0,1,0,0.1834,0.3989,1.369,2.2757,0.46,2.869,0.7427,69.9914,0.5327,4,4,0.828,0.2959
2024-05-03 18:02:00+00:00,2024-05-03 18:11:00+00:00,short,61777.1257,61892.2114,61892.2114,61546.9543,115.0857,-50.0,loss,0,17350.0,0,1,-0.0514,0.2972,1.1178,0.1441,1.5128,2.8588,1.006,47.8973,2.1356,18,4,0.8183,0.1913
2024-05-03 22:04:00+00:00,2024-05-03 23:30:00+00:00,long,62708.0736,63179.2664,62472.4771,63179.2664,235.5964,100.0,win,1,17450.0,1,1,0.2484,0.6054,0.6878,2.8551,1.9493,2.4222,1.5275,61.5472,3.0513,22,4,1.6157,0.3639
2024-05-04 11:32:00+00:00,2024-05-04 11:52:00+00:00,short,64158.6871,63846.0729,64314.9943,63846.0729,156.3071,100.0,win,1,17550.0,0,1,-0.1517,0.9642,0.8359,0.012,1.3758,2.3374,0.529,54.412,1.2864,11,5,0.6076,0.2212
2024-05-05 01:56:00+00:00,2024-05-05 02:52:00+00:00,long,63266.52,63142.32,63142.32,63514.92,124.2,-50.0,loss,0,17500.0,1,0,0.3328,-0.4094,0.7646,2.1569,0.7792,2.2664,0.4611,88.8554,-0.287,1,6,0.6945,0.6409
2024-05-07 04:00:00+00:00,2024-05-07 04:05:00+00:00,long,63260.7186,63089.2971,63089.2971,63603.5614,171.4214,-50.0,loss,0,17450.0,1,0,0.1831,-0.3418,0.7975,2.0363,1.0482,2.8659,0.8849,57.1014,-0.2497,4,1,0.7688,0.4057
2024-05-08 23:58:00+00:00,2024-05-09 00:36:00+00:00,long,61184.6143,61387.7857,61083.0286,61387.7857,101.5857,100.0,win,1,17550.0,1,0,0.0181,-0.2745,1.0487,4.6792,3.2616,2.5487,0.6947,75.3882,-1.5091,23,2,0.6526,0.5466
2024-05-09 19:25:00+00:00,2024-05-09 19:30:00+00:00,short,62192.7143,62321.0286,62321.0286,61936.0857,128.3143,-50.0,loss,0,17500.0,0,1,-0.0907,0.213,1.7225,1.0539,1.8116,3.364,3.6798,53.0103,1.063,19,3,0.8773,0.0733
2024-05-10 22:36:00+00:00,2024-05-10 22:50:00+00:00,short,60731.5029,60842.4457,60842.4457,60509.6171,110.9429,-50.0,loss,0,17450.0,0,1,-0.1073,0.0688,1.1197,0.4356,1.9524,2.8426,0.717,35.6157,-1.4654,22,4,1.069,0.2792
2024-05-12 20:16:00+00:00,2024-05-12 20:41:00+00:00,short,61318.2214,61380.0429,61380.0429,61194.5786,61.8214,-50.0,loss,0,17400.0,0,0,-0.0059,-0.0921,1.1588,1.1889,4.1138,2.6631,1.1628,46.4117,0.1598,20,6,1.046,0.1322
2024-05-12 22:47:00+00:00,2024-05-12 23:09:00+00:00,short,61313.3814,61362.1029,61362.1029,61215.9386,48.7214,-50.0,loss,0,17350.0,0,1,-0.0422,0.0471,0.836,0.3315,1.1867,2.3408,0.71,41.4429,0.1675,22,6,0.7313,0.1941
2024-05-15 12:01:00+00:00,2024-05-15 12:30:00+00:00,long,62453.6379,62699.7021,62330.6057,62699.7021,123.0321,100.0,win,1,17450.0,1,0,0.091,0.0728,0.6306,1.4543,0.2274,2.639,0.7956,58.8342,0.363,12,2,0.8682,0.3331
2024-05-20 13:46:00+00:00,2024-05-20 13:50:00+00:00,short,66825.2293,66997.1686,66997.1686,66481.3507,171.9393,-50.0,loss,0,17400.0,0,0,-0.0768,-0.231,1.0162,1.5726,3.2214,2.5177,0.3935,30.8367,-0.0313,13,0,1.5602,0.3443
2024-05-20 22:47:00+00:00,2024-05-20 23:07:00+00:00,short,69632.3593,69698.0486,69698.0486,69500.9807,65.6893,-50.0,loss,0,17350.0,0,1,-0.004,0.4112,0.6439,1.2127,4.063,2.1472,0.337,42.0111,2.1396,22,0,0.3811,0.5845
2024-05-21 21:08:00+00:00,2024-05-21 21:21:00+00:00,short,69695.2443,69550.5157,69767.6086,69550.5157,72.3643,100.0,win,1,17450.0,0,1,-0.08,-0.0559,0.5417,1.0806,1.8565,2.0417,0.1362,41.4968,-1.4027,21,1,0.8152,0.368
2024-05-26 11:34:00+00:00,2024-05-26 11:38:00+00:00,short,69140.385,69089.635,69165.76,69089.635,25.375,100.0,win,1,17550.0,0,1,-0.0286,-0.063,0.6414,8.4641,9.1139,2.1414,0.1817,39.1818,-0.0351,11,6,0.8726,1.0138
2024-05-26 22:52:00+00:00,2024-05-26 23:04:00+00:00,short,68617.135,68530.285,68660.56,68530.285,43.425,100.0,win,1,17650.0,0,1,-0.08,-0.0819,0.739,0.3359,2.7545,2.2442,1.1248,30.7073,-0.4888,22,6,0.7461,0.656
2024-05-26 23:47:00+00:00,2024-05-27 00:38:00+00:00,long,68546.4621,68769.9979,68434.6943,68769.9979,111.7679,100.0,win,1,17750.0,1,0,0.1915,-0.0567,1.4902,4.0585,3.2157,2.9902,0.7745,70.064,-0.5545,23,6,1.4196,0.5488
2024-05-27 04:30:00+00:00,2024-05-27 04:32:00+00:00,long,68897.78,68835.38,68835.38,69022.58,62.4,-50.0,loss,0,17700.0,1,0,0.0747,-0.074,1.3063,1.9054,0.2207,2.8108,0.4548,67.8519,-0.1679,4,0,0.8925,0.3499
2024-05-30 08:43:00+00:00,2024-05-30 08:57:00+00:00,long,67573.8964,67790.2036,67465.7429,67790.2036,108.1536,100.0,win,1,17800.0,1,0,0.1819,-0.26,0.7515,1.4323,0.7474,2.2515,0.3918,71.1849,-0.3104,8,3,0.5935,1.0197
2024-06-02 22:45:00+00:00,2024-06-02 22:58:00+00:00,short,67895.0507,67934.7114,67934.7114,67815.7293,39.6607,-50.0,loss,0,17750.0,0,1,-0.1091,0.086,0.643,1.1293,2.5071,2.143,0.4007,27.243,-0.0031,22,6,0.7579,0.4521
2024-06-03 02:40:00+00:00,2024-06-03 03:03:00+00:00,short,68528.0036,68276.8964,68653.5571,68276.8964,125.5536,100.0,win,1,17850.0,0,1,-0.1452,0.4235,1.0093,1.7527,2.6981,2.5093,0.5245,26.5569,0.2266,2,0,0.8644,0.8257
2024-06-04 18:06:00+00:00,2024-06-04 18:22:00+00:00,long,70770.0221,71088.7579,70610.6543,71088.7579,159.3679,100.0,win,1,17950.0,1,0,0.1497,0.531,1.7015,4.4738,2.4046,3.2015,2.8294,64.4364,1.5006,18,1,0.9764,0.6378
2024-06-05 02:24:00+00:00,2024-06-05 03:01:00+00:00,long,71001.145,70841.22,70841.22,71320.995,159.925,-50.0,loss,0,17900.0,1,1,0.178,0.2625,0.8675,1.2302,0.0829,2.3675,0.3603,55.6372,0.0767,2,2,0.9749,0.1373
2024-06-05 05:05:00+00:00,2024-06-05 07:24:00+00:00,short,71112.9893,71238.0286,71238.0286,70862.9107,125.0393,-50.0,loss,0,17850.0,0,1,-0.1866,0.15,1.0442,1.2325,3.1521,3.0577,0.5055,35.6778,0.1605,5,2,1.0266,0.5909
2024-06-05 12:18:00+00:00,2024-06-05 12:44:00+00:00,short,70910.2557,71038.2914,71038.2914,70654.1843,128.0357,-50.0,loss,0,17800.0,0,1,-0.0062,-0.0657,1.2479,2.004,2.846,2.7501,0.5812,49.2187,-0.1575,12,2,1.3461,0.13
2024-06-06 12:48:00+00:00,2024-06-06 13:02:00+00:00,short,71144.9393,71272.5286,71272.5286,70889.7607,127.5893,-50.0,loss,0,17750.0,0,1,-0.1597,0.0081,0.8878,0.9702,3.5267,2.3896,0.4252,31.9491,0.0547,12,3,0.9378,0.567
2024-06-07 14:48:00+00:00,2024-06-07 14:55:00+00:00,long,71555.92,71445.62,71445.62,71776.52,110.3,-50.0,loss,0,17700.0,1,1,0.1673,0.2125,0.8865,5.6376,3.5786,2.4083,1.5216,79.7145,0.3628,14,4,0.8724,0.6816
2024-06-08 13:41:00+00:00,2024-06-09 00:34:00+00:00,long,69395.9464,69276.6429,69276.6429,69634.5536,119.3036,-50.0,loss,0,17650.0,1,0,0.1497,0.0171,1.5151,2.9239,2.1449,3.0176,2.1033,72.7009,-0.0399,13,5,1.5991,0.2693
2024-06-10 03:07:00+00:00,2024-06-10 03:14:00+00:00,short,69687.9843,69719.5486,69719.5486,69624.8557,31.5643,-50.0,loss,0,17600.0,0,1,-0.0127,0.0269,1.1568,5.7756,7.8697,2.6653,0.7168,33.7881,0.1145,3,0,0.8427,0.7175
2024-06-10 21:07:00+00:00,2024-06-10 21:11:00+00:00,short,69605.0457,69657.4314,69657.4314,69500.2743,52.3857,-50.0,loss,0,17550.0,0,1,-0.0602,-0.0934,1.0608,0.6648,2.4637,2.5608,0.5636,48.3459,-0.0673,21,0,0.6087,0.1439
2024-06-11 14:23:00+00:00,2024-06-11 15:04:00+00:00,long,66950.9729,66777.4657,66777.4657,67297.9871,173.5071,-50.0,loss,0,17500.0,1,0,0.0375,-0.1034,1.8193,1.9246,0.3157,3.3193,1.0916,51.9577,-1.0797,14,1,0.5995,0.181
2024-06-12 02:46:00+00:00,2024-06-12 03:01:00+00:00,short,67351.6507,67453.7114,67453.7114,67147.5293,102.0607,-50.0,loss,0,17450.0,0,1,-0.1448,0.1468,0.604,0.7875,1.9152,2.104,0.8882,36.3101,0.2257,2,2,1.1453,0.5875
2024-06-12 12:26:00+00:00,2024-06-12 12:30:00+00:00,long,67894.1343,68107.5057,67787.4486,68107.5057,106.6857,100.0,win,1,17550.0,1,0,0.1088,0.2589,1.4941,5.2784,4.4508,3.37,1.2466,67.8528,0.6215,12,2,1.0894,0.686
2024-06-12 20:23:00+00:00,2024-06-12 20:40:00+00:00,long,67864.9143,68164.2857,67715.2286,68164.2857,149.6857,100.0,win,1,17650.0,1,0,0.228,-1.0919,0.6656,2.269,0.4562,2.2389,0.4795,66.1147,-1.1659,20,2,0.4755,0.9207
2024-06-12 22:01:00+00:00,2024-06-12 23:17:00+00:00,short,68443.9714,68127.2286,68602.3429,68127.2286,158.3714,100.0,win,1,17750.0,0,1,-0.1981,0.028,1.2423,0.3067,1.5559,2.7441,0.7637,39.3339,-0.3038,22,2,1.1416,0.1548
2024-06-14 17:54:00+00:00,2024-06-14 18:09:00+00:00,short,65394.6221,65136.9579,65523.4543,65136.9579,128.8321,100.0,win,1,17850.0,0,0,-0.2043,-0.8063,0.6754,0.0118,1.876,2.1754,0.2609,20.1876,-1.4655,17,4,0.8575,0.5582
2024-06-17 11:17:00+00:00,2024-06-17 11:36:00+00:00,short,65887.2007,65770.7793,65945.4114,65770.7793,58.2107,100.0,win,1,17950.0,0,1,-0.1389,-0.1001,0.7383,0.3807,2.0302,2.2383,0.8155,42.8109,-0.3627,11,0,0.6723,0.208
2024-06-18 07:23:00+00:00,2024-06-18 09:59:00+00:00,long,65564.1343,65424.2486,65424.2486,65843.9057,139.8857,-50.0,loss,0,17900.0,1,0,0.0259,-0.0041,2.143,1.4605,0.3612,3.7147,1.2181,52.6631,0.4137,7,1,0.8486,0.0989
2024-06-21 10:31:00+00:00,2024-06-21 10:41:00+00:00,short,63843.35,63971.2,63971.2,63587.65,127.85,-50.0,loss,0,17850.0,0,1,-0.0685,-0.4124,1.2629,2.4989,4.0921,2.873,0.4537,35.6218,-0.6188,10,4,0.7644,0.4579
2024-06-23 22:02:00+00:00,2024-06-23 23:18:00+00:00,short,63731.9357,63563.6643,63816.0714,63563.6643,84.1357,100.0,win,1,17950.0,0,0,-0.123,-0.2303,1.6287,1.0648,3.0524,3.318,2.6182,45.0412,-0.5444,22,6,0.6462,0.3044
2024-06-24 02:23:00+00:00,2024-06-24 02:34:00+00:00,short,63168.4821,63220.1143,63220.1143,63065.2179,51.6321,-50.0,loss,0,17900.0,0,1,-0.0757,-0.1567,0.7624,1.5336,3.6545,2.2624,0.3587,37.1741,0.1112,2,0,0.5537,0.4118
2024-06-24 06:29:00+00:00,2024-06-24 07:21:00+00:00,long,62267.4779,62162.6457,62162.6457,62477.1421,104.8321,-50.0,loss,0,17850.0,1,0,0.0339,-0.5568,0.9255,1.2124,0.3841,2.4255,0.6108,57.1707,-0.7967,6,0,0.615,0.0337
2024-06-24 20:55:00+00:00,2024-06-24 21:19:00+00:00,long,59433.1764,59724.0836,59287.7229,59724.0836,145.4536,100.0,win,1,17950.0,1,0,0.2793,-0.579,0.6302,1.637,0.6009,2.1316,0.2957,69.4471,-2.6931,20,0,0.4724,0.8533
2024-06-25 16:21:00+00:00,2024-06-25 17:00:00+00:00,short,61665.5257,61306.1543,61845.2114,61306.1543,179.6857,100.0,win,1,18050.0,0,0,-0.0624,0.1364,1.0947,3.5244,4.6322,3.3739,0.6091,38.3508,0.7286,16,1,0.9078,0.3138
2024-06-25 22:51:00+00:00,2024-06-25 23:09:00+00:00,short,61852.5271,61716.5129,61920.5343,61716.5129,68.0071,100.0,win,1,18150.0,0,1,-0.1788,-0.1213,1.1911,4.2142,5.2747,2.6911,0.4584,4.6154,0.7952,22,1,1.3216,1.4628
2024-06-25 23:49:00+00:00,2024-06-26 00:41:00+00:00,long,61724.8814,61671.2029,61671.2029,61832.2386,53.6786,-50.0,loss,0,18100.0,1,0,0.1056,-0.1764,0.5499,2.9596,1.6803,2.0499,0.8515,63.8751,0.5849,23,1,1.0373,0.4644
2024-06-28 09:42:00+00:00,2024-06-28 09:49:00+00:00,short,61378.2464,61455.5429,61455.5429,61223.6536,77.2964,-50.0,loss,0,18050.0,0,1,-0.0124,-0.091,1.2156,0.6535,2.5506,2.7156,0.7218,44.9646,-0.4437,9,4,1.1857,0.2171
2024-06-28 13:22:00+00:00,2024-06-28 13:43:00+00:00,long,61442.1464,61684.1536,61321.1429,61684.1536,121.0036,100.0,win,1,18150.0,1,0,0.2326,-0.1077,0.9407,3.123,1.5565,2.4428,0.8916,58.3351,-0.2728,13,4,0.5842,0.3058
2024-07-06 17:07:00+00:00,2024-07-06 17:17:00+00:00,short,57777.0364,57883.2829,57883.2829,57564.5436,106.2464,-50.0,loss,0,18100.0,0,1,-0.1047,0.8017,0.5652,0.2066,1.2722,2.1523,0.2754,51.3876,1.5486,17,5,0.5908,0.4682
2024-07-07 12:50:00+00:00,2024-07-07 13:17:00+00:00,short,57228.3364,56990.6436,57347.1829,56990.6436,118.8464,100.0,win,1,18200.0,0,0,-0.1021,-0.4409,0.7696,4.0085,4.7991,2.2696,0.283,28.4825,-0.7809,12,6,1.4324,0.6221
2024-07-08 01:55:00+00:00,2024-07-08 02:03:00+00:00,long,54789.4,55135.4,54616.4,55135.4,173.0,100.0,win,1,18300.0,1,0,0.1274,-1.125,0.6358,1.8025,0.1235,2.1358,0.5057,56.4826,-0.3105,1,0,0.5851,0.3491
2024-07-17 23:54:00+00:00,2024-07-17 23:56:00+00:00,short,64091.9214,64153.6429,64153.6429,63968.4786,61.7214,-50.0,loss,0,18250.0,0,0,-0.1239,-0.288,0.5395,3.3693,5.1664,2.0428,2.0516,22.0195,-1.3065,23,2,0.8279,0.8703
2024-07-21 12:46:00+00:00,2024-07-21 12:50:00+00:00,short,66820.5529,66854.9457,66854.9457,66751.7671,34.3929,-50.0,loss,0,18200.0,0,1,-0.0876,-0.0567,0.7084,6.8326,8.9255,2.2148,1.6788,13.5302,-0.1578,12,6,0.7285,1.0256
2024-07-22 20:22:00+00:00,2024-07-22 21:20:00+00:00,short,68021.2193,67723.0407,68170.3086,67723.0407,149.0893,100.0,win,1,18300.0,0,1,-0.0975,0.5717,0.7854,1.5431,2.8071,2.2869,0.7246,49.9422,0.8199,20,0,0.9119,0.3098
2024-07-24 23:15:00+00:00,2024-07-24 23:25:00+00:00,long,65434.0921,65253.5743,65253.5743,65795.1279,180.5179,-50.0,loss,0,18250.0,1,0,0.2735,-0.2484,0.7436,1.4201,0.4097,2.2828,1.0379,66.428,-1.0004,23,2,1.5384,0.2846
2024-07-28 05:38:00+00:00,2024-07-28 08:39:00+00:00,long,67395.2507,67272.2114,67272.2114,67641.3293,123.0393,-50.0,loss,0,18200.0,1,0,0.0739,-0.491,0.659,3.0299,1.7539,2.5907,1.0975,63.8176,-0.3931,5,6,0.8579,0.8152
2024-07-30 12:17:00+00:00,2024-07-30 12:29:00+00:00,short,66502.4936,66182.8864,66662.2971,66182.8864,159.8036,100.0,win,1,18300.0,0,1,-0.0318,-0.154,1.7656,1.6328,2.254,3.2656,1.0925,56.6685,0.08,12,1,1.3773,0.0701
2024-08-02 10:48:00+00:00,2024-08-02 10:54:00+00:00,long,64560.9543,64765.1257,64458.8686,64765.1257,102.0857,100.0,win,1,18400.0,1,1,0.0592,0.2281,1.0463,3.6269,2.6257,2.8791,0.4365,65.682,0.2349,10,4,0.8648,0.3219
2024-08-02 16:08:00+00:00,2024-08-02 18:50:00+00:00,short,63388.2607,62845.0393,63659.8714,62845.0393,271.6107,100.0,win,1,18500.0,0,0,-0.2909,-0.7674,0.8705,0.1444,1.2869,2.3908,0.445,48.227,-1.2483,16,4,0.7317,0.0708
2024-08-02 19:33:00+00:00,2024-08-02 19:39:00+00:00,long,62862.5564,62669.1029,62669.1029,63249.4636,193.4536,-50.0,loss,0,18450.0,1,0,0.0904,-0.3925,0.9055,1.2507,0.0134,2.5989,1.021,51.5022,-1.8321,19,4,0.9422,0.2053
2024-08-03 20:55:00+00:00,2024-08-03 21:05:00+00:00,short,60345.4971,60084.9829,60475.7543,60084.9829,130.2571,100.0,win,1,18550.0,0,1,-0.2965,-0.2259,0.5512,3.1926,4.2004,2.3695,0.9005,19.363,-1.1626,20,5,0.7389,0.7267
2024-08-04 05:56:00+00:00,2024-08-04 07:32:00+00:00,short,60727.4164,60498.5236,60841.8629,60498.5236,114.4464,100.0,win,1,18650.0,0,1,-0.2126,0.0469,1.5374,0.9319,2.3836,3.1646,0.504,26.7274,0.0117,5,6,1.2928,0.1374
2024-08-04 18:23:00+00:00,2024-08-04 18:51:00+00:00,long,58412.1236,58864.8164,58185.7771,58864.8164,226.3464,100.0,win,1,18750.0,1,0,0.3118,-0.4884,0.7207,6.1585,4.0415,2.2688,0.9454,60.6123,-1.5089,18,6,0.6989,0.6413
2024-08-14 14:46:00+00:00,2024-08-14 15:27:00+00:00,long,59282.8414,59033.6629,59033.6629,59781.1986,249.1786,-50.0,loss,0,18700.0,1,0,0.0279,-1.5592,0.7132,1.6174,0.6244,2.2132,0.3952,45.5678,-1.8815,14,2,0.7157,0.0762
2024-08-14 22:34:00+00:00,2024-08-14 22:42:00+00:00,long,58954.6614,58835.5829,58835.5829,59192.8186,119.0786,-50.0,loss,0,18650.0,1,0,0.1268,-0.0028,0.6275,4.2596,2.1335,2.2305,0.7859,66.4047,-1.6489,22,2,0.902,0.68
2024-08-15 00:23:00+00:00,2024-08-15 01:04:00+00:00,long,58801.9786,59051.8214,58677.0571,59051.8214,124.9214,100.0,win,1,18750.0,1,0,0.0634,-0.1007,0.7625,1.1664,0.0127,2.2625,0.3714,55.221,0.0868,0,3,1.2626,0.1881
2024-08-19 08:58:00+00:00,2024-08-19 09:47:00+00:00,short,58544.1186,58326.5614,58652.8971,58326.5614,108.7786,100.0,win,1,18850.0,0,0,-0.0364,-0.01,1.7123,0.776,1.5616,3.4881,7.4002,48.5558,0.1017,8,0,1.3745,0.1168
2024-08-20 21:36:00+00:00,2024-08-20 22:05:00+00:00,long,59189.1964,59413.9036,59076.8429,59413.9036,112.3536,100.0,win,1,18950.0,1,0,0.2551,-0.1336,0.505,1.5597,0.7477,2.005,2.8032,72.1598,-1.2466,21,1,0.8718,0.6088
2024-08-22 11:19:00+00:00,2024-08-22 11:35:00+00:00,short,61163.1943,61253.8086,61253.8086,60981.9657,90.6143,-50.0,loss,0,18900.0,0,1,-0.0543,0.2592,0.6985,0.2198,1.4068,2.2132,0.3559,57.8947,0.8244,11,3,0.8813,0.3116
2024-09-02 09:13:00+00:00,2024-09-02 09:46:00+00:00,short,57989.2271,58115.6343,58115.6343,57736.4129,126.4071,-50.0,loss,0,18850.0,0,1,-0.1068,0.3069,0.7072,0.6495,2.4428,2.2072,0.7333,45.2526,0.5934,9,0,0.8075,0.1896
2024-09-02 19:40:00+00:00,2024-09-02 20:11:00+00:00,short,58402.8157,58463.0514,58463.0514,58282.3443,60.2357,-50.0,loss,0,18800.0,0,1,-0.1234,-0.0888,0.5363,1.9178,3.6083,2.1393,0.4513,34.9716,0.6437,19,0,0.8885,0.344
2024-09-08 10:14:00+00:00,2024-09-08 11:11:00+00:00,long,54559.7221,54636.2579,54521.4543,54636.2579,38.2679,100.0,win,1,18900.0,1,1,0.1479,0.188,0.6525,3.6842,2.7618,2.1525,0.3789,80.5339,0.3457,10,6,0.6343,0.8175
2024-09-10 20:16:00+00:00,2024-09-10 21:50:00+00:00,short,57746.435,57425.185,57907.06,57425.185,160.625,100.0,win,1,19000.0,0,1,-0.165,0.3932,0.6262,0.8003,1.6372,2.35,0.6577,42.1788,1.193,20,1,0.9979,0.3636
2024-09-11 05:53:00+00:00,2024-09-11 06:02:00+00:00,long,56284.9886,56178.0171,56178.0171,56498.9314,106.9714,-50.0,loss,0,18950.0,1,0,0.1015,-0.4766,0.8711,1.0972,0.1973,2.3711,0.3607,60.2777,-0.8604,5,2,0.8225,0.2814
2024-09-12 13:20:00+00:00,2024-09-12 13:30:00+00:00,long,57680.3036,57594.1571,57594.1571,57852.5964,86.1464,-50.0,loss,0,18900.0,1,0,0.0714,-0.3968,0.603,1.1303,0.2612,2.103,0.3065,36.4241,-0.4916,13,3,0.6306,0.0976
2024-09-15 15:30:00+00:00,2024-09-15 15:41:00+00:00,short,60218.4421,60266.3743,60266.3743,60122.5779,47.9321,-50.0,loss,0,18850.0,0,1,-0.0057,0.1526,0.5038,0.2818,1.0162,2.0465,0.3188,56.6558,0.1978,15,6,0.7002,0.261
2024-09-19 01:57:00+00:00,2024-09-19 02:02:00+00:00,long,61950.0014,61831.4229,61831.4229,62187.1586,118.5786,-50.0,loss,0,18800.0,1,0,0.1377,0.5964,0.7648,2.7258,1.4317,2.4711,0.9625,65.5567,-0.1444,1,3,0.6146,0.7422
2024-09-24 21:06:00+00:00,2024-09-24 21:17:00+00:00,long,64247.1679,64192.3857,64192.3857,64356.7321,54.7821,-50.0,loss,0,18750.0,1,1,0.036,0.4571,0.5051,1.8264,0.5271,2.0051,0.3855,45.962,1.2604,21,1,0.4919,0.428
2024-09-26 05:18:00+00:00,2024-09-26 05:31:00+00:00,long,63497.2321,63618.2679,63436.7143,63618.2679,60.5179,100.0,win,1,18850.0,1,0,0.0813,0.2521,1.9176,8.4283,7.4384,3.4232,2.9755,82.2266,0.5726,5,3,1.037,0.8388
2024-10-01 21:35:00+00:00,2024-10-01 21:40:00+00:00,short,60724.0521,60893.2343,60893.2343,60385.6879,169.1821,-50.0,loss,0,18800.0,0,0,-0.1997,-0.9559,1.3424,0.9442,2.384,2.8424,1.7782,46.3513,-2.5241,21,1,0.5702,0.1675
2024-10-02 20:16:00+00:00,2024-10-02 20:53:00+00:00,long,60335.2093,60904.1307,60050.7486,60904.1307,284.4607,100.0,win,1,18900.0,1,0,0.0416,-0.7664,0.5159,1.6404,0.4885,2.1086,0.1982,54.5694,-1.3673,20,2,1.0919,0.1016
2024-10-02 23:21:00+00:00,2024-10-03 00:32:00+00:00,short,60753.6143,60877.2286,60877.2286,60506.3857,123.6143,-50.0,loss,0,18850.0,0,1,-0.1088,0.0454,0.9093,0.2865,1.6068,3.0794,1.3292,48.0565,-0.6312,23,2,0.8938,0.1861
2024-10-03 22:14:00+00:00,2024-10-03 22:19:00+00:00,long,60805.1036,60692.1571,60692.1571,61030.9964,112.9464,-50.0,loss,0,18800.0,1,0,0.0724,0.1074,0.8527,1.6658,0.5296,2.3548,0.5544,57.1564,0.3775,22,3,1.5328,0.1578
2024-10-07 03:06:00+00:00,2024-10-07 03:19:00+00:00,long,63675.845,63619.92,63619.92,63787.695,55.925,-50.0,loss,0,18750.0,1,0,0.1009,0.2814,0.6064,0.9944,0.1318,2.1064,0.4685,52.9697,0.2901,3,0,0.7269,0.3494
2024-10-09 23:01:00+00:00,2024-10-09 23:08:00+00:00,long,60767.4879,60688.0057,60688.0057,60926.4521,79.4821,-50.0,loss,0,18700.0,1,1,0.0388,-0.1393,1.6132,1.877,0.1081,3.4376,2.0736,58.1238,-1.3642,23,2,0.5911,0.3041
2024-10-16 02:40:00+00:00,2024-10-16 04:28:00+00:00,short,67271.8286,66987.3714,67414.0571,66987.3714,142.2286,100.0,win,1,18800.0,0,1,-0.042,0.2333,0.9897,0.3489,2.4659,3.0079,0.4834,41.2714,0.0816,2,2,0.7545,0.3184
2024-10-16 09:10:00+00:00,2024-10-16 09:15:00+00:00,short,67086.8757,67213.3114,67213.3114,66834.0043,126.4357,-50.0,loss,0,18750.0,0,1,-0.0921,0.0123,1.5997,1.7617,2.8731,3.1022,0.4781,39.7681,-0.0704,9,2,0.8909,0.3969
2024-10-18 10:16:00+00:00,2024-10-18 10:27:00+00:00,long,67810.0914,67945.7486,67742.2629,67945.7486,67.8286,100.0,win,1,18850.0,1,0,0.0755,-0.094,0.7263,1.6913,0.4629,2.4151,0.8589,60.1001,-0.1103,10,4,0.8766,0.1754
2024-10-21 16:32:00+00:00,2024-10-21 16:41:00+00:00,short,66965.6193,67115.3086,67115.3086,66666.2407,149.6893,-50.0,loss,0,18800.0,0,1,-0.1315,-0.5595,0.7851,1.9688,3.5634,2.6173,2.3938,29.7027,-1.5933,16,0,0.9644,0.6604
2024-10-29 04:51:00+00:00,2024-10-29 04:58:00+00:00,short,71013.4086,71077.8371,71077.8371,70884.5514,64.4286,-50.0,loss,0,18750.0,0,0,-0.0442,0.1721,0.5437,0.682,2.7601,2.0726,1.1639,50.3941,0.1132,4,1,1.0058,0.2181
2024-11-01 04:43:00+00:00,2024-11-01 05:11:00+00:00,long,69593.485,69542.06,69542.06,69696.335,51.425,-50.0,loss,0,18700.0,1,1,0.0299,-0.0372,0.6591,9.0203,7.0293,2.3217,0.2818,68.5484,0.0592,4,4,0.6431,0.5643
2024-11-02 02:49:00+00:00,2024-11-02 02:58:00+00:00,short,69754.6707,69650.1493,69806.9314,69650.1493,52.2607,100.0,win,1,18800.0,0,1,-0.1295,0.1544,1.2936,2.6567,3.9023,2.7936,0.4022,25.8045,0.1037,2,5,0.8493,0.8777
2024-11-03 20:19:00+00:00,2024-11-03 20:27:00+00:00,short,68556.6029,68637.9457,68637.9457,68393.9171,81.3429,-50.0,loss,0,18750.0,0,1,-0.0725,0.2798,0.5321,0.8894,2.4308,2.0321,0.4393,45.7627,0.4426,20,6,0.8287,0.4476
2024-11-04 03:30:00+00:00,2024-11-04 03:40:00+00:00,short,69128.975,69212.8,69212.8,68961.325,83.825,-50.0,loss,0,18700.0,0,1,-0.0253,0.1975,0.6088,1.4264,2.483,2.1088,0.4607,36.3208,0.3981,3,0,0.7505,0.3359
2024-11-05 16:12:00+00:00,2024-11-05 16:32:00+00:00,long,69753.8629,70171.5771,69545.0057,70171.5771,208.8571,100.0,win,1,18800.0,1,1,0.141,0.5431,0.6231,2.4286,0.6475,2.1231,0.4554,65.5336,0.9841,16,1,0.9462,0.2567
2024-11-08 10:38:00+00:00,2024-11-08 10:53:00+00:00,long,76006.3236,76177.8164,75920.5771,76177.8164,85.7464,100.0,win,1,18900.0,1,1,0.0169,0.0494,1.114,1.3368,0.354,2.6171,0.5082,59.013,0.0223,10,4,0.9644,0.4775
2024-11-12 01:38:00+00:00,2024-11-12 02:21:00+00:00,short,88963.9,88225.1,89333.3,88225.1,369.4,100.0,win,1,19000.0,0,1,-0.1611,0.6668,0.6371,0.879,1.9539,2.212,0.5326,41.7761,0.7419,1,1,0.8311,0.2637
2024-11-13 23:00:00+00:00,2024-11-13 23:18:00+00:00,short,89626.1,89923.9,89923.9,89030.5,297.8,-50.0,loss,0,18950.0,0,1,-0.117,-0.2671,1.342,0.562,1.901,2.978,1.6676,42.0544,-0.2633,23,2,0.8299,0.1001
2024-11-14 08:36:00+00:00,2024-11-14 08:47:00+00:00,short,91105.9007,90553.6793,91382.0114,90553.6793,276.1107,100.0,win,1,19050.0,0,1,-0.178,0.8174,0.8801,1.0129,2.2137,2.3801,1.0612,55.0191,0.9745,8,3,0.8944,0.3216
2024-11-21 22:18:00+00:00,2024-11-21 22:52:00+00:00,long,98043.0471,98361.2329,97883.9543,98361.2329,159.0929,100.0,win,1,19150.0,1,0,0.0247,0.0103,0.6064,2.084,0.1562,2.1064,0.3033,53.9589,0.9875,22,3,0.8749,0.1948
2024-11-23 14:28:00+00:00,2024-11-23 14:31:00+00:00,long,98738.9586,98652.7371,98652.7371,98911.4014,86.2214,-50.0,loss,0,19100.0,1,0,0.066,0.096,0.7419,2.3299,1.7624,2.2445,1.1398,64.4855,0.1351,14,5,1.3293,0.6874
2024-11-24 16:22:00+00:00,2024-11-24 16:45:00+00:00,long,96230.1764,96766.6836,95961.9229,96766.6836,268.2536,100.0,win,1,19200.0,1,0,0.0741,-0.5371,0.9548,1.5755,0.0165,2.4557,0.2271,50.8424,-1.0878,16,6,0.9869,0.2446
2024-11-25 08:04:00+00:00,2024-11-25 09:08:00+00:00,long,98147.5393,98608.5607,97917.0286,98608.5607,230.5107,100.0,win,1,19300.0,1,0,0.1536,0.0725,1.4312,1.2836,0.2303,2.9324,0.6633,67.3529,0.3311,8,0,1.3174,0.2473
2024-11-26 08:50:00+00:00,2024-11-26 09:13:00+00:00,long,92906.1443,93612.4157,92553.0086,93612.4157,353.1357,100.0,win,1,19400.0,1,0,0.4255,-0.8869,0.9429,1.8041,1.0508,2.4429,0.5525,59.6497,-0.9362,8,1,0.8853,0.48
2024-11-27 01:20:00+00:00,2024-11-27 04:23:00+00:00,long,92607.5129,93233.3271,92294.6057,93233.3271,312.9071,100.0,win,1,19500.0,1,1,0.3704,0.569,0.9341,4.868,3.373,2.5888,1.1054,71.6202,0.427,1,2,1.1357,0.7401
2024-11-27 05:27:00+00:00,2024-11-27 06:10:00+00:00,long,92722.1129,93032.7271,92566.8057,93032.7271,155.3071,100.0,win,1,19600.0,1,0,0.1545,0.0343,0.6595,2.2805,1.1799,2.1609,0.7899,60.699,0.1098,5,2,0.8971,0.4466
2024-11-30 04:32:00+00:00,2024-11-30 04:47:00+00:00,short,96688.5807,96757.3914,96757.3914,96550.9593,68.8107,-50.0,loss,0,19550.0,0,1,-0.0413,-0.0807,0.5974,0.7529,1.7892,2.0974,0.2186,37.6891,-0.1141,4,5,0.8429,0.4493
2024-12-05 21:42:00+00:00,2024-12-05 22:19:00+00:00,short,99063.4014,98333.3586,99428.4229,98333.3586,365.0214,100.0,win,1,19650.0,0,1,-0.0434,-0.6572,1.1858,1.5354,2.202,2.7036,0.4921,36.5199,-2.3011,21,3,0.9974,0.2152
2024-12-13 23:42:00+00:00,2024-12-13 23:56:00+00:00,long,101246.1414,101416.0986,101161.1629,101416.0986,84.9786,100.0,win,1,19750.0,1,0,0.073,-0.0392,0.7544,2.49,0.2679,2.3227,0.3089,70.4823,0.6518,23,4,0.9641,0.3405
2024-12-18 06:14:00+00:00,2024-12-18 06:45:00+00:00,long,103738.1721,103490.0543,103490.0543,104234.4079,248.1179,-50.0,loss,0,19700.0,1,0,0.1902,-0.4268,0.807,1.9932,0.7987,2.5506,0.6103,65.9082,-0.9184,6,2,0.8743,0.3226
2024-12-19 19:21:00+00:00,2024-12-19 19:38:00+00:00,short,98237.4643,97287.1357,98712.6286,97287.1357,475.1643,100.0,win,1,19800.0,0,1,-0.5285,-0.934,1.2523,0.4813,1.762,2.7523,1.0072,20.7693,-1.8407,19,3,0.8312,0.4542
2024-12-22 05:58:00+00:00,2024-12-22 06:08:00+00:00,short,96172.1371,96333.8943,96333.8943,95848.6229,161.7571,-50.0,loss,0,19750.0,0,0,-0.0693,-0.3591,0.6461,0.7337,1.8893,2.1461,0.2267,51.1258,-0.47,5,6,0.7757,0.0832
2024-12-27 17:59:00+00:00,2024-12-27 18:34:00+00:00,long,94220.2521,94617.2879,94021.7343,94617.2879,198.5179,100.0,win,1,19850.0,1,1,0.0434,-0.325,0.5576,2.4068,0.9318,2.0576,0.7734,61.3014,-1.3714,17,4,0.7,0.2331
2024-12-28 03:12:00+00:00,2024-12-28 05:45:00+00:00,long,94515.4179,94741.0821,94402.5857,94741.0821,112.8321,100.0,win,1,19950.0,1,1,0.1844,0.1376,0.7027,4.116,3.1732,2.4624,1.385,79.2428,0.1749,3,5,1.0798,0.6077
2024-12-30 07:06:00+00:00,2024-12-30 07:13:00+00:00,long,93872.5586,93722.2371,93722.2371,94173.2014,150.3214,-50.0,loss,0,19900.0,1,1,0.0957,0.2616,0.6623,2.373,1.0485,2.7127,0.381,62.102,0.256,7,0,0.8423,0.1506
2024-12-30 20:00:00+00:00,2024-12-30 20:19:00+00:00,long,94460.9079,94905.2721,94238.7257,94905.2721,222.1821,100.0,win,1,20000.0,1,0,0.1167,0.7299,0.9795,2.6084,1.2786,2.6475,1.3479,69.6777,1.4784,20,0,0.8456,0.2386
2024-12-31 03:30:00+00:00,2024-12-31 03:44:00+00:00,long,92545.77,92378.72,92378.72,92879.87,167.05,-50.0,loss,0,19950.0,1,1,0.173,0.0731,0.8091,2.964,2.1189,2.3105,0.5428,74.2623,0.1406,3,1,1.1528,0.6115
2025-01-01 03:19:00+00:00,2025-01-01 04:12:00+00:00,short,93809.7,93646.7,93891.2,93646.7,81.5,100.0,win,1,20050.0,0,1,-0.1478,-0.0204,0.6447,3.1342,4.0921,2.1447,0.1487,17.8394,-0.0933,3,2,0.9943,0.7723
2025-01-01 12:10:00+00:00,2025-01-01 12:18:00+00:00,short,93413.3186,93486.0971,93486.0971,93267.7614,72.7786,-50.0,loss,0,20000.0,0,1,-0.0116,0.008,0.6931,0.5394,1.805,2.1931,0.323,50.6907,-0.1888,12,2,0.7637,0.2874
2025-01-02 07:12:00+00:00,2025-01-02 08:06:00+00:00,long,95685.4007,95894.3793,95580.9114,95894.3793,104.4893,100.0,win,1,20100.0,1,0,0.1039,0.2564,0.7719,4.4746,3.0744,2.2719,0.592,74.5789,0.4531,7,3,1.1143,0.5235
2025-01-03 21:29:00+00:00,2025-01-03 22:03:00+00:00,long,98219.0879,98385.0521,98136.1057,98385.0521,82.9821,100.0,win,1,20200.0,1,0,0.0897,-0.0964,1.0054,1.7542,0.2838,2.5054,0.4575,56.5493,0.9066,21,4,0.6414,0.1686
2025-01-04 03:16:00+00:00,2025-01-04 03:43:00+00:00,short,98106.1686,98175.4971,98175.4971,97967.5114,69.3286,-50.0,loss,0,20150.0,0,1,-0.0941,0.0491,0.618,1.2238,3.2002,2.1211,1.1881,34.5567,0.0986,3,5,0.9081,0.6256
2025-01-04 18:45:00+00:00,2025-01-04 19:14:00+00:00,short,97987.435,98069.06,98069.06,97824.185,81.625,-50.0,loss,0,20100.0,0,1,-0.0489,0.1182,0.86,0.7929,2.2525,3.2199,0.9086,50.0614,0.097,18,5,0.7282,0.2885
2025-01-04 21:36:00+00:00,2025-01-04 22:24:00+00:00,short,98432.5264,98234.3336,98531.6229,98234.3336,99.0964,100.0,win,1,20200.0,0,1,-0.0328,0.1433,0.9015,0.8506,2.2029,2.4015,0.5235,31.5266,0.4572,21,5,0.7577,0.3651
2025-01-06 12:45:00+00:00,2025-01-06 12:56:00+00:00,short,99437.825,99123.675,99594.9,99123.675,157.075,100.0,win,1,20300.0,0,1,-0.0975,0.2196,1.8358,0.289,1.0775,3.6318,1.3694,44.209,0.3417,12,0,0.7798,0.2533
2025-01-07 09:11:00+00:00,2025-01-07 09:23:00+00:00,short,101835.4857,101719.5143,101893.4714,101719.5143,57.9857,100.0,win,1,20400.0,0,1,-0.0371,0.068,0.5815,0.359,2.2508,2.0815,0.5995,39.4745,-0.0636,9,1,0.7733,0.5732
2025-01-08 16:14:00+00:00,2025-01-08 17:03:00+00:00,short,94996.8971,94412.5829,95289.0543,94412.5829,292.1571,100.0,win,1,20500.0,0,0,-0.1999,-0.2381,0.7479,0.2485,1.3672,2.2479,0.3614,35.3021,-0.6632,16,2,0.8138,0.1891
2025-01-09 09:56:00+00:00,2025-01-09 10:01:00+00:00,short,93412.2514,93534.2229,93534.2229,93168.3086,121.9714,-50.0,loss,0,20450.0,0,1,-0.1607,-0.1136,0.7862,0.5591,1.5044,2.3677,1.0848,35.5638,-0.5496,9,3,0.757,0.3503
2025-01-09 23:12:00+00:00,2025-01-10 00:11:00+00:00,short,92442.5457,92693.6314,92693.6314,91940.3743,251.0857,-50.0,loss,0,20400.0,0,1,-0.1125,0.1668,0.5673,0.0403,1.0794,2.0673,0.4308,49.0401,-0.7379,23,3,1.0583,0.0515
2025-01-11 06:35:00+00:00,2025-01-11 06:41:00+00:00,short,94296.7664,94342.6629,94342.6629,94204.9736,45.8964,-50.0,loss,0,20350.0,0,1,-0.0369,0.0675,0.6139,1.971,3.1065,2.1185,1.6206,41.8025,0.0296,6,5,0.6315,0.3317
2025-01-11 15:12:00+00:00,2025-01-11 16:08:00+00:00,short,94492.3314,94311.1886,94582.9029,94311.1886,90.5714,100.0,win,1,20450.0,0,1,-0.0953,0.0455,0.6079,0.4222,2.3274,2.3038,0.6046,34.9125,0.1747,15,5,0.9991,0.1645
2025-01-13 06:07:00+00:00,2025-01-13 06:16:00+00:00,long,94279.9286,94122.8571,94122.8571,94594.0714,157.0714,-50.0,loss,0,20400.0,1,0,0.1562,-0.0397,0.7478,3.8311,2.4772,2.5871,0.9436,55.8028,-0.4407,6,0,1.053,0.3077
2025-01-13 13:40:00+00:00,2025-01-13 14:33:00+00:00,short,91202.055,90490.605,91557.78,90490.605,355.725,100.0,win,1,20500.0,0,1,-0.4058,-0.2474,1.2033,1.1661,2.1323,2.7041,1.3811,30.7288,-1.6484,13,0,0.8055,0.3731
2025-01-15 05:56:00+00:00,2025-01-15 06:08:00+00:00,long,97033.0993,96934.4886,96934.4886,97230.3207,98.6107,-50.0,loss,0,20450.0,1,0,0.0333,0.0144,1.4278,4.4178,2.362,3.0809,0.6262,72.5153,-0.0495,5,2,0.593,0.4264
2025-01-15 10:25:00+00:00,2025-01-15 10:56:00+00:00,long,96993.8007,96888.0114,96888.0114,97205.3793,105.7893,-50.0,loss,0,20400.0,1,0,0.0949,-0.0591,0.5746,3.9476,2.3866,2.0746,0.3699,61.5491,-0.1004,10,2,0.8436,0.5333
2025-01-15 14:37:00+00:00,2025-01-15 14:47:00+00:00,short,98688.415,99096.84,99096.84,97871.565,408.425,-50.0,loss,0,20350.0,0,1,-0.1757,0.8515,0.6621,0.7768,1.4691,2.4146,1.4333,39.0551,0.9656,14,2,1.0521,0.1129
2025-01-16 06:10:00+00:00,2025-01-16 06:30:00+00:00,long,99423.035,99668.985,99300.06,99668.985,122.975,100.0,win,1,20450.0,1,0,0.0636,-0.1041,1.6015,0.8398,0.1034,3.1015,1.7712,58.7422,-0.4686,6,3,1.1827,0.0858
2025-01-16 09:43:00+00:00,2025-01-16 10:23:00+00:00,long,98999.6721,99306.3079,98846.3543,99306.3079,153.3179,100.0,win,1,20550.0,1,0,0.0384,-0.2532,0.9618,3.3382,1.9365,2.4618,0.5614,59.4406,-0.5977,9,3,0.7417,0.3961
2025-01-16 19:06:00+00:00,2025-01-16 19:38:00+00:00,long,99591.35,100019.45,99377.3,100019.45,214.05,100.0,win,1,20650.0,1,0,0.1613,0.1907,0.848,2.731,1.7942,2.5035,0.814,64.1081,0.5171,19,3,0.9373,0.2572
2025-01-19 03:56:00+00:00,2025-01-19 03:59:00+00:00,long,105079.0864,104934.5829,104934.5829,105368.0936,144.5036,-50.0,loss,0,20600.0,1,1,0.0306,0.3592,0.5589,5.7004,4.4229,2.0603,0.3176,74.9463,0.3516,3,6,1.0119,0.5245
2025-01-19 07:21:00+00:00,2025-01-19 07:48:00+00:00,short,105314.9114,104998.7686,105472.9829,104998.7686,158.0714,100.0,win,1,20700.0,0,1,-0.0107,0.233,0.9639,0.2932,1.6393,2.4655,0.3229,54.3584,0.4401,7,6,1.1324,0.0943
2025-01-19 10:32:00+00:00,2025-01-19 10:40:00+00:00,short,104498.0979,104802.9657,104802.9657,103888.3621,304.8679,-50.0,loss,0,20650.0,0,1,-0.0972,-0.2221,0.6749,1.9193,3.0537,2.7471,1.3077,37.9011,-0.203,10,6,0.9158,0.5234
2025-01-19 18:25:00+00:00,2025-01-19 19:11:00+00:00,short,105070.4414,105237.5629,105237.5629,104736.1986,167.1214,-50.0,loss,0,20600.0,0,1,-0.1836,0.1537,1.5734,1.5902,2.5688,3.5247,0.9658,38.9593,0.2714,18,6,0.8968,0.3171
2025-01-19 22:32:00+00:00,2025-01-19 22:35:00+00:00,long,104074.6193,103606.7086,103606.7086,105010.4407,467.9107,-50.0,loss,0,20550.0,1,0,0.1207,-0.7042,0.5616,1.8836,0.3508,2.1682,0.1822,40.5152,-0.6472,22,6,0.755,0.4653
2025-01-21 13:03:00+00:00,2025-01-21 13:13:00+00:00,short,104385.785,104627.36,104627.36,103902.635,241.575,-50.0,loss,0,20500.0,0,1,-0.0536,0.6817,0.7399,0.1391,1.7116,2.2399,0.87,50.0064,2.0192,13,1,0.8104,0.0726
2025-01-22 04:19:00+00:00,2025-01-22 04:38:00+00:00,long,105694.6593,105559.5486,105559.5486,105964.8807,135.1107,-50.0,loss,0,20450.0,1,0,0.0185,-0.0872,0.98,1.964,0.6388,2.6804,1.3078,49.6774,-0.1615,4,2,1.004,0.0153
2025-01-23 15:47:00+00:00,2025-01-23 16:10:00+00:00,long,105167.5029,106329.2171,104586.6457,106329.2171,580.8571,100.0,win,1,20550.0,1,1,0.2114,1.8015,0.5383,2.6178,1.5861,2.0383,1.1495,66.4672,1.8242,15,3,0.6024,0.5286
2025-01-27 03:51:00+00:00,2025-01-27 04:12:00+00:00,short,101337.6864,100973.6936,101519.6829,100973.6936,181.9964,100.0,win,1,20650.0,0,1,-0.1356,-0.3745,1.6452,0.1815,1.7524,3.1452,1.1316,34.9838,-0.3497,3,0,0.6553,0.6066
2025-01-27 11:54:00+00:00,2025-01-27 12:07:00+00:00,short,98859.1957,99089.1314,99089.1314,98399.3243,229.9357,-50.0,loss,0,20600.0,0,1,-0.1307,-0.1486,1.3402,0.457,1.5416,2.8402,3.0664,44.8997,-1.175,11,0,0.623,0.3482
2025-01-27 13:44:00+00:00,2025-01-27 13:53:00+00:00,short,100816.635,100093.185,101178.36,100093.185,361.725,100.0,win,1,20700.0,0,1,-0.2068,0.9641,0.55,0.6302,1.8889,2.2843,0.5119,46.8792,0.6961,13,0,0.7437,0.2857
2025-01-27 14:21:00+00:00,2025-01-27 14:48:00+00:00,long,100708.4214,101759.3786,100182.9429,101759.3786,525.4786,100.0,win,1,20800.0,1,1,0.4775,0.7121,1.2801,2.2609,1.2158,2.8133,2.6189,57.9951,0.6101,14,0,1.0271,0.164
2025-01-27 21:33:00+00:00,2025-01-27 23:09:00+00:00,short,101510.1457,101994.5314,101994.5314,100541.3743,484.3857,-50.0,loss,0,20750.0,0,1,-0.4886,0.9112,0.5482,1.2965,2.9029,2.4164,0.7275,24.8536,1.2061,21,0,1.0982,0.5658
2025-01-28 13:34:00+00:00,2025-01-28 14:04:00+00:00,short,102565.5171,102280.0029,102708.2743,102280.0029,142.7571,100.0,win,1,20850.0,0,1,-0.2453,-0.1434,0.7522,0.725,1.74,2.5875,1.716,31.7564,-0.0199,13,1,0.9578,0.6544
2025-01-28 18:21:00+00:00,2025-01-28 18:40:00+00:00,long,102862.1436,102527.6971,102527.6971,103531.0364,334.4464,-50.0,loss,0,20800.0,1,1,0.076,0.2745,0.7393,3.7739,2.3386,2.2664,0.4813,63.6735,0.2488,18,1,1.2786,0.332
2025-01-28 18:44:00+00:00,2025-01-28 19:00:00+00:00,short,102483.2536,102067.2464,102691.2571,102067.2464,208.0036,100.0,win,1,20900.0,0,1,-0.2379,-0.1427,0.6755,1.3828,2.5681,2.4605,0.5923,22.2027,-0.144,18,1,0.7208,0.8116
2025-01-28 19:43:00+00:00,2025-01-28 19:56:00+00:00,long,102288.0007,102612.9793,102125.5114,102612.9793,162.4893,100.0,win,1,21000.0,1,0,0.0783,-0.0995,0.5294,3.1416,2.2735,2.1667,0.5054,64.3438,-0.2856,19,1,0.8003,0.3231
2025-01-29 01:29:00+00:00,2025-01-29 01:47:00+00:00,short,101612.3364,101758.1829,101758.1829,101320.6436,145.8464,-50.0,loss,0,20950.0,0,1,-0.1054,0.1587,0.7552,0.8545,2.5392,2.733,1.1365,37.9377,0.0331,1,2,0.8015,0.6085
2025-01-29 07:08:00+00:00,2025-01-29 07:59:00+00:00,short,102551.2343,102692.7486,102692.7486,102268.2057,141.5143,-50.0,loss,0,20900.0,0,1,-0.1296,0.2707,1.151,1.1192,1.8915,2.6529,1.0111,44.8141,0.5362,7,2,0.8813,0.319
2025-01-29 11:31:00+00:00,2025-01-29 11:56:00+00:00,long,102604.9879,102492.8057,102492.8057,102829.3521,112.1821,-50.0,loss,0,20850.0,1,1,0.1026,0.1117,1.6057,5.1022,3.2418,3.1057,1.4206,68.1023,0.3747,11,2,0.8326,0.6354
2025-01-29 17:57:00+00:00,2025-01-29 18:03:00+00:00,short,102409.44,102003.64,102612.34,102003.64,202.9,100.0,win,1,20950.0,0,1,-0.2114,0.2195,1.1558,1.0,2.0602,2.6558,2.615,29.2874,0.2419,17,2,0.9752,0.2385
2025-01-31 01:10:00+00:00,2025-01-31 01:27:00+00:00,short,104684.3293,104392.4507,104830.2686,104392.4507,145.9393,100.0,win,1,21050.0,0,0,-0.1411,-0.2166,0.8412,0.252,2.9586,2.3428,0.4063,36.2554,0.0445,1,4,0.8889,0.4826
2025-01-31 01:51:00+00:00,2025-01-31 02:17:00+00:00,long,104654.8929,104549.2857,104549.2857,104866.1071,105.6071,-50.0,loss,0,21000.0,1,0,0.0983,-0.1273,0.7436,2.4537,0.7924,2.2436,0.6926,61.7182,0.0458,1,4,0.8467,0.5119
2025-01-31 16:15:00+00:00,2025-01-31 17:08:00+00:00,short,105100.5943,104523.7657,105389.0086,104523.7657,288.4143,100.0,win,1,21100.0,0,1,-0.1789,0.1718,0.95,2.0035,3.3615,2.4663,0.5316,37.2711,0.476,16,4,0.8997,0.6186
2025-02-01 08:08:00+00:00,2025-02-01 08:16:00+00:00,long,102156.16,102105.16,102105.16,102258.16,51.0,-50.0,loss,0,21050.0,1,0,0.0558,-0.1106,1.2717,1.413,0.2011,2.7717,0.5862,56.7759,-0.1714,8,5,0.771,0.2497
2025-02-01 21:32:00+00:00,2025-02-01 21:50:00+00:00,short,101327.5143,101063.2857,101459.6286,101063.2857,132.1143,100.0,win,1,21150.0,0,1,-0.1688,-0.2138,0.511,0.8907,2.604,2.312,0.6226,42.2666,-0.5747,21,5,0.7478,0.3222
2025-02-02 13:18:00+00:00,2025-02-02 14:10:00+00:00,long,98489.9664,99006.7736,98231.5629,99006.7736,258.4036,100.0,win,1,21250.0,1,0,0.1478,-0.4401,0.8741,2.4926,0.4983,2.5754,0.2128,57.8731,-1.0754,13,6,0.9323,0.2895
2025-02-04 12:10:00+00:00,2025-02-04 12:34:00+00:00,long,99194.39,99520.29,99031.44,99520.29,162.95,100.0,win,1,21350.0,1,1,0.1638,0.2849,0.6413,1.3403,0.0263,2.1413,1.3063,67.0038,-0.0638,12,1,1.0033,0.2194
2025-02-04 20:27:00+00:00,2025-02-04 20:31:00+00:00,short,98016.6586,98497.8371,98497.8371,97054.3014,481.1786,-50.0,loss,0,21300.0,0,0,-0.0984,-1.302,0.5707,7.4549,10.6814,2.1521,0.45,25.3123,-1.2998,20,1,0.7635,0.3143
2025-02-05 10:57:00+00:00,2025-02-05 11:02:00+00:00,short,97793.4279,97621.1921,97879.5457,97621.1921,86.1179,100.0,win,1,21400.0,0,1,-0.1768,0.094,0.8101,3.0098,4.7561,2.3101,0.4683,19.868,-0.072,10,2,0.7339,0.7275
2025-02-05 14:11:00+00:00,2025-02-05 14:17:00+00:00,short,98434.0729,98623.8657,98623.8657,98054.4871,189.7929,-50.0,loss,0,21350.0,0,1,-0.0683,0.1891,1.2219,0.9766,1.9906,2.7219,0.1671,40.4425,0.471,14,2,0.9088,0.3011
2025-02-06 21:30:00+00:00,2025-02-06 21:35:00+00:00,short,96377.7614,96612.4829,96612.4829,95908.3186,234.7214,-50.0,loss,0,21300.0,0,1,-0.0163,-0.1516,1.5637,5.4872,6.6058,3.0637,0.6582,39.509,-1.1311,21,3,0.8016,0.433
2025-02-08 08:17:00+00:00,2025-02-08 08:31:00+00:00,short,96103.0164,96178.0629,96178.0629,95952.9236,75.0464,-50.0,loss,0,21250.0,0,1,-0.0612,-0.0474,0.9017,1.9285,3.35,2.4081,0.452,34.6341,-0.2166,8,5,0.8562,0.5274
2025-02-08 10:56:00+00:00,2025-02-08 11:10:00+00:00,short,95993.8207,96075.5314,96075.5314,95830.3993,81.7107,-50.0,loss,0,21200.0,0,1,-0.0636,-0.1084,0.6961,4.3594,5.6871,2.1961,0.263,20.4545,-0.2824,10,5,1.0748,0.6006
2025-02-09 04:12:00+00:00,2025-02-09 04:52:00+00:00,short,97036.8621,97162.6943,97162.6943,96785.1979,125.8321,-50.0,loss,0,21150.0,0,1,-0.1752,0.2195,1.1969,0.7679,1.8639,2.699,1.0423,37.0537,0.2053,4,6,0.9145,0.547
2025-02-10 03:55:00+00:00,2025-02-10 04:07:00+00:00,short,96670.0964,96869.5429,96869.5429,96271.2036,199.4464,-50.0,loss,0,21100.0,0,1,-0.4298,0.5188,0.6677,0.6459,1.4745,2.1687,0.4861,27.0706,0.3946,3,0,1.0053,0.3426
2025-02-10 10:46:00+00:00,2025-02-10 12:32:00+00:00,short,97709.3793,97353.0007,97887.5686,97353.0007,178.1893,100.0,win,1,21200.0,0,1,-0.0877,0.1322,1.4784,0.1054,1.4801,2.9801,1.2956,40.2845,0.8835,10,0,1.044,0.3081
2025-02-12 07:48:00+00:00,2025-02-12 08:01:00+00:00,short,95973.4071,96044.7143,96044.7143,95830.7929,71.3071,-50.0,loss,0,21150.0,0,1,-0.1286,0.1647,0.6531,0.1784,2.0078,2.1562,0.6069,30.6928,0.3122,7,2,0.9445,0.3684
2025-02-14 04:21:00+00:00,2025-02-14 05:32:00+00:00,short,96865.6607,96676.0393,96960.4714,96676.0393,94.8107,100.0,win,1,21250.0,0,1,-0.1372,0.145,0.8348,0.5147,2.177,2.3348,2.5921,33.3911,0.1117,4,4,0.8116,0.9918
2025-02-14 18:18:00+00:00,2025-02-14 19:54:00+00:00,short,98251.6421,97664.1779,98545.3743,97664.1779,293.7321,100.0,win,1,21350.0,0,1,-0.469,0.7949,0.7174,0.299,1.6432,2.2182,0.9798,38.3306,1.1604,18,4,1.1517,0.4919
2025-02-15 03:27:00+00:00,2025-02-15 03:31:00+00:00,short,97772.3414,97692.6986,97812.1629,97692.6986,39.8214,100.0,win,1,21450.0,0,1,-0.1005,0.125,0.546,1.7513,3.585,2.0511,0.3535,26.7193,0.1953,3,5,0.782,0.8231
2025-02-15 06:14:00+00:00,2025-02-15 06:16:00+00:00,short,97479.8736,97517.2771,97517.2771,97405.0664,37.4036,-50.0,loss,0,21400.0,0,0,-0.0224,-0.0867,0.877,2.2115,5.192,2.377,0.3114,39.6181,-0.1012,6,5,0.8407,0.5252
2025-02-15 14:05:00+00:00,2025-02-15 14:09:00+00:00,short,97564.3086,97692.3371,97692.3371,97308.2514,128.0286,-50.0,loss,0,21350.0,0,0,-0.0807,-0.0772,0.6511,3.0272,5.7003,3.0421,1.7442,32.0736,-0.0053,14,5,1.0916,0.5133
2025-02-16 04:32:00+00:00,2025-02-16 04:35:00+00:00,short,97432.1457,97469.8314,97469.8314,97356.7743,37.6857,-50.0,loss,0,21300.0,0,0,-0.015,-0.0652,1.5252,3.2351,4.9931,3.0252,0.5061,41.0172,-0.0767,4,6,0.8913,0.5469
2025-02-17 08:12:00+00:00,2025-02-17 08:30:00+00:00,long,96115.9993,95997.5886,95997.5886,96352.8207,118.4107,-50.0,loss,0,21250.0,1,0,0.1343,-0.0201,0.9129,4.2732,3.0582,2.5737,0.5918,60.1977,-0.0369,8,0,1.209,0.641
2025-02-17 08:38:00+00:00,2025-02-17 08:47:00+00:00,short,96003.2279,96085.2457,96085.2457,95839.1921,82.0179,-50.0,loss,0,21200.0,0,0,-0.0433,-0.1233,0.9108,1.1153,2.6953,2.5409,1.5077,49.2718,-0.1595,8,0,0.8044,0.3265
2025-02-18 22:20:00+00:00,2025-02-18 22:31:00+00:00,long,95098.25,95400.95,94946.9,95400.95,151.35,100.0,win,1,21300.0,1,1,0.1008,0.5348,1.0437,3.0134,1.084,2.5437,0.824,66.5532,0.0935,22,1,0.7361,0.4753
2025-02-19 01:58:00+00:00,2025-02-19 02:10:00+00:00,long,95404.2957,95674.0243,95269.4314,95674.0243,134.8643,100.0,win,1,21400.0,1,0,0.0712,0.1599,1.3051,4.9352,3.7945,2.8072,1.2834,62.8484,0.0252,1,2,0.8852,0.4106
2025-02-19 03:18:00+00:00,2025-02-19 03:22:00+00:00,short,95586.7357,95662.3714,95662.3714,95435.4643,75.6357,-50.0,loss,0,21350.0,0,1,-0.1166,0.1175,0.5804,4.1312,4.9481,2.0804,0.5254,26.4205,0.1063,3,2,0.8812,0.9655
2025-02-20 07:21:00+00:00,2025-02-20 07:31:00+00:00,long,96871.7657,96968.5943,96823.3514,96968.5943,48.4143,100.0,win,1,21450.0,1,0,0.055,-0.0638,1.003,1.2201,0.1965,2.503,1.8478,63.2959,-0.0907,7,3,0.9345,0.2859
2025-02-20 23:58:00+00:00,2025-02-21 00:00:00+00:00,short,98240.0507,98313.2114,98313.2114,98093.7293,73.1607,-50.0,loss,0,21400.0,0,1,-0.0964,0.0087,0.6934,2.9778,4.7773,3.1123,0.5538,25.3033,0.7658,23,3,0.5959,0.7672
2025-02-22 02:04:00+00:00,2025-02-22 02:30:00+00:00,short,96276.1579,96119.2221,96354.6257,96119.2221,78.4679,100.0,win,1,21500.0,0,1,-0.0363,0.1385,1.6885,1.2531,4.3249,3.1925,0.9019,38.5859,0.0898,2,5,0.8096,0.8664
2025-02-23 03:56:00+00:00,2025-02-23 04:18:00+00:00,short,96430.6357,96471.6714,96471.6714,96348.5643,41.0357,-50.0,loss,0,21450.0,0,1,-0.0462,-0.0555,1.146,3.9656,6.5051,2.6721,2.1546,32.1059,-0.0553,3,6,0.8061,0.8398
2025-02-25 03:19:00+00:00,2025-02-25 03:30:00+00:00,short,92038.7629,92208.8057,92208.8057,91698.6771,170.0429,-50.0,loss,0,21400.0,0,1,-0.1951,-0.137,0.9777,4.1907,4.8988,2.4777,0.8503,27.2715,0.2885,3,1,0.8291,0.7845
2025-02-25 03:45:00+00:00,2025-02-25 03:59:00+00:00,long,92292.8821,92130.4143,92130.4143,92617.8179,162.4679,-50.0,loss,0,21350.0,1,1,0.1741,0.1599,0.5519,3.9316,2.8846,2.0519,1.1494,55.5541,0.5636,3,1,0.9997,0.55
2025-02-25 16:21:00+00:00,2025-02-25 16:43:00+00:00,short,86814.965,87225.14,87225.14,85994.615,410.175,-50.0,loss,0,21300.0,0,0,-0.2155,-1.0646,0.6509,1.637,2.812,2.1515,0.6276,42.3798,-2.4776,16,1,0.7672,0.4038
2025-02-25 23:03:00+00:00,2025-02-26 00:00:00+00:00,long,88905.2086,88619.2371,88619.2371,89477.1514,285.9714,-50.0,loss,0,21250.0,1,1,0.2004,0.5421,2.6313,1.8494,1.1927,4.2108,1.226,55.7401,0.2113,23,1,0.622,0.2153
2025-02-26 15:41:00+00:00,2025-02-26 16:10:00+00:00,short,87841.1886,87035.7314,88243.9171,87035.7314,402.7286,100.0,win,1,21350.0,0,1,-0.0747,0.2541,0.9568,0.1971,1.3815,2.4574,0.223,46.578,0.1919,15,2,0.7558,0.1915
2025-02-26 19:39:00+00:00,2025-02-26 20:13:00+00:00,short,84078.3836,83141.2764,84546.9371,83141.2764,468.5536,100.0,win,1,21450.0,0,0,-0.4585,-1.7226,0.6351,0.601,1.5296,2.2544,1.4834,38.1493,-2.9555,19,2,0.7341,0.3392
2025-02-26 23:55:00+00:00,2025-02-27 00:02:00+00:00,long,84016.4229,84393.3371,83827.9657,84393.3371,188.4571,100.0,win,1,21550.0,1,0,0.0979,-0.3713,0.8861,1.4244,0.3808,2.3925,1.411,53.5121,-2.1465,23,2,0.7303,0.0455
2025-02-27 11:27:00+00:00,2025-02-27 12:12:00+00:00,short,86764.6307,86236.3093,87028.7914,86236.3093,264.1607,100.0,win,1,21650.0,0,1,-0.0316,0.4753,1.6038,0.7847,1.5054,3.2489,0.7631,55.64,1.3501,11,3,1.0373,0.0216
2025-03-01 05:02:00+00:00,2025-03-01 05:23:00+00:00,short,86118.0314,85741.2886,86306.4029,85741.2886,188.3714,100.0,win,1,21750.0,0,1,-0.2331,0.8475,0.5027,0.749,1.5776,2.1091,0.3013,35.6117,0.9256,5,5,0.9741,0.3615
2025-03-02 13:15:00+00:00,2025-03-02 13:34:00+00:00,short,85797.2521,85534.0879,85928.8343,85534.0879,131.5821,100.0,win,1,21850.0,0,0,-0.1212,-0.124,1.8269,1.799,2.4291,3.3294,4.3832,41.7088,-0.2169,13,6,1.0655,0.3002
2025-03-03 07:47:00+00:00,2025-03-03 08:17:00+00:00,long,92304.9371,92002.9943,92002.9943,92908.8229,301.9429,-50.0,loss,0,21800.0,1,0,0.1485,-0.103,0.8097,4.2312,2.5746,2.4423,0.4521,61.053,-0.2994,7,0,0.7243,0.2533
2025-03-03 08:20:00+00:00,2025-03-03 08:51:00+00:00,short,91951.63,91384.73,92235.08,91384.73,283.45,100.0,win,1,21900.0,0,0,-0.2639,-0.458,1.4132,2.9178,4.4687,2.9132,0.7023,35.7166,-0.6791,8,0,0.9093,0.621
2025-03-03 18:01:00+00:00,2025-03-03 18:12:00+00:00,short,90263.355,89381.105,90704.48,89381.105,441.125,100.0,win,1,22000.0,0,1,-0.2989,-0.5174,1.2701,0.5778,1.6085,2.8543,0.3289,35.7243,-1.5179,18,0,1.1103,0.4233
2025-03-03 19:02:00+00:00,2025-03-03 19:15:00+00:00,long,87453.6379,86739.0057,86739.0057,88882.9021,714.6321,-50.0,loss,0,21950.0,1,0,0.5728,-2.2477,0.5558,1.4332,0.0273,2.0558,0.274,45.028,-3.728,19,0,0.896,0.0864
2025-03-04 08:25:00+00:00,2025-03-04 11:12:00+00:00,long,83569.2407,84279.6193,83214.0514,84279.6193,355.1893,100.0,win,1,22050.0,1,0,0.4049,-0.0873,1.8322,3.9843,2.9139,3.3322,2.3742,72.8563,-0.3453,8,1,0.9198,0.4775
2025-03-06 01:06:00+00:00,2025-03-06 01:43:00+00:00,long,90157.865,90518.515,89977.54,90518.515,180.325,100.0,win,1,22150.0,1,0,0.1576,-0.0976,0.9225,0.9055,0.0156,2.5633,0.3942,62.8014,-0.1114,1,3,0.771,0.2545
2025-03-06 11:24:00+00:00,2025-03-06 12:04:00+00:00,long,91318.5307,91111.0914,91111.0914,91733.4093,207.4393,-50.0,loss,0,22100.0,1,1,0.1234,0.1143,0.5502,1.8316,0.5502,2.5707,0.5556,58.8971,-0.135,11,3,0.8794,0.4331
2025-03-07 01:04:00+00:00,2025-03-07 01:20:00+00:00,long,85781.9593,87355.1807,84995.3486,87355.1807,786.6107,100.0,win,1,22200.0,1,0,0.9744,-2.9792,0.7609,2.109,0.4239,2.494,0.6581,55.0022,-1.6542,1,4,0.664,0.238
2025-03-08 08:42:00+00:00,2025-03-08 08:52:00+00:00,long,86173.13,86045.78,86045.78,86427.83,127.35,-50.0,loss,0,22150.0,1,0,0.0645,-0.0763,1.0604,2.2857,0.8048,2.5624,0.5938,63.0822,0.1158,8,5,0.8896,0.3084
2025-03-08 12:59:00+00:00,2025-03-08 13:25:00+00:00,short,86168.5493,86280.9886,86280.9886,85943.6707,112.4393,-50.0,loss,0,22100.0,0,1,-0.1256,0.1064,0.8591,0.4464,1.3202,2.3675,0.4829,33.852,0.1074,12,5,0.7422,0.2146
2025-03-10 12:54:00+00:00,2025-03-10 13:06:00+00:00,long,83340.9714,83006.8429,83006.8429,84009.2286,334.1286,-50.0,loss,0,22050.0,1,1,0.4021,0.8185,0.9509,3.0003,1.56,2.4517,0.7957,67.1309,1.3696,12,0,0.8253,0.4963
2025-03-10 16:02:00+00:00,2025-03-10 16:51:00+00:00,short,79999.5521,79035.3879,80481.6343,79035.3879,482.0821,100.0,win,1,22150.0,0,1,-0.3532,-1.0835,1.2372,2.7314,3.5277,2.8607,0.443,27.642,-1.98,16,0,0.913,0.5324
2025-03-14 16:05:00+00:00,2025-03-14 16:34:00+00:00,short,84642.2921,83980.3279,84973.2743,83980.3279,330.9821,100.0,win,1,22250.0,0,1,-0.1864,0.8422,0.8618,1.3759,2.5274,2.6709,1.1903,36.1191,1.7941,16,4,0.8191,0.347
2025-03-16 02:29:00+00:00,2025-03-16 03:34:00+00:00,long,83915.21,84122.71,83811.46,84122.71,103.75,100.0,win,1,22350.0,1,0,0.1589,-0.2004,0.5866,2.2213,1.0668,2.166,0.6591,67.5273,-0.1043,2,6,0.9822,0.3994
2025-03-16 08:58:00+00:00,2025-03-16 09:01:00+00:00,long,84242.9529,84195.7457,84195.7457,84337.3671,47.2071,-50.0,loss,0,22300.0,1,1,0.0296,0.0375,1.202,4.0752,1.9518,2.702,0.6268,66.9551,0.154,8,6,0.7344,0.2798
2025-03-17 05:07:00+00:00,2025-03-17 05:13:00+00:00,short,83451.6607,83242.8393,83556.0714,83242.8393,104.4107,100.0,win,1,22400.0,0,0,-0.0157,0.0401,1.2764,6.052,8.3043,2.7764,1.3632,43.6131,0.2658,5,0,0.8738,0.3899
2025-03-17 11:50:00+00:00,2025-03-17 12:00:00+00:00,short,83478.995,83607.92,83607.92,83221.145,128.925,-50.0,loss,0,22350.0,0,1,-0.1633,0.043,1.2469,0.8919,1.9863,2.9334,2.3456,38.9136,0.2202,11,0,1.0443,0.303
2025-03-17 16:39:00+00:00,2025-03-17 17:05:00+00:00,short,83357.4979,83547.4657,83547.4657,82977.5621,189.9679,-50.0,loss,0,22300.0,0,1,-0.1936,0.0336,1.0679,2.4385,4.5946,2.5679,0.3688,37.1479,0.1446,16,0,0.9382,0.6433
2025-03-17 18:09:00+00:00,2025-03-17 18:32:00+00:00,short,84102.4671,84266.6743,84266.6743,83774.0529,164.2071,-50.0,loss,0,22250.0,0,1,-0.203,0.5026,0.8912,1.5203,2.7246,2.3912,1.3949,40.0154,0.9575,18,0,0.8516,0.342
2025-03-17 19:16:00+00:00,2025-03-17 19:45:00+00:00,short,84385.525,84581.8,84581.8,83992.975,196.275,-50.0,loss,0,22200.0,0,1,-0.1552,0.451,1.1271,0.9755,2.3673,2.9186,0.6251,51.0074,1.2235,19,0,0.946,0.2471
2025-03-18 12:05:00+00:00,2025-03-18 12:09:00+00:00,long,82640.3636,82506.1171,82506.1171,82908.8564,134.2464,-50.0,loss,0,22150.0,1,0,0.1399,-0.158,0.8818,2.6825,0.0106,2.3818,0.8483,62.3063,-0.4216,12,1,1.3552,0.2843
2025-03-18 14:36:00+00:00,2025-03-18 17:33:00+00:00,long,81689.7757,81426.9114,81426.9114,82215.5043,262.8643,-50.0,loss,0,22100.0,1,0,0.29,-0.3919,0.8424,4.7369,2.8546,2.6487,0.7235,74.5199,-0.9786,14,1,0.6957,0.5367
2025-03-18 21:08:00+00:00,2025-03-18 21:35:00+00:00,long,82033.8393,81933.0286,81933.0286,82235.4607,100.8107,-50.0,loss,0,22050.0,1,0,0.0551,0.1679,1.9049,4.7522,3.1411,3.4049,0.7079,64.0458,-0.3045,21,1,0.7491,0.5541
2025-03-19 01:04:00+00:00,2025-03-19 01:58:00+00:00,short,82996.4379,82725.7021,83131.8057,82725.7021,135.3679,100.0,win,1,22150.0,0,1,-0.1254,0.4566,0.6027,0.2097,1.9665,2.1027,0.7363,38.2348,0.0405,1,2,0.9379,0.1721
2025-03-21 21:53:00+00:00,2025-03-21 22:38:00+00:00,short,84283.7364,84094.0436,84378.5829,84094.0436,94.8464,100.0,win,1,22250.0,0,1,-0.118,0.1855,1.0384,1.472,2.7379,2.5384,0.1214,27.5299,0.3486,21,4,1.0221,0.5092
2025-03-22 00:09:00+00:00,2025-03-22 01:09:00+00:00,long,84081.7957,84281.1243,83982.1314,84281.1243,99.6643,100.0,win,1,22350.0,1,0,0.0703,-0.038,2.3269,2.0005,0.2112,3.8269,1.0083,60.3723,0.0518,0,5,1.8617,0.1235
2025-03-22 02:09:00+00:00,2025-03-22 03:21:00+00:00,long,84089.0014,84214.7586,84026.1229,84214.7586,62.8786,100.0,win,1,22450.0,1,0,0.105,-0.0183,1.1215,5.1114,3.131,2.6215,1.4724,60.7613,-0.0066,2,5,1.1703,0.5926
2025-03-24 21:21:00+00:00,2025-03-24 21:27:00+00:00,long,87931.9193,88123.1407,87836.3086,88123.1407,95.6107,100.0,win,1,22550.0,1,0,0.0738,-0.1886,0.8993,1.8439,0.2261,2.4018,0.4571,51.8675,0.6127,21,0,0.7804,0.465
2025-03-25 12:05:00+00:00,2025-03-25 12:38:00+00:00,short,87246.6943,87044.2657,87347.9086,87044.2657,101.2143,100.0,win,1,22650.0,0,1,-0.1282,0.182,0.6208,0.405,3.1974,2.2521,1.2703,32.1514,0.423,12,1,0.986,0.4913
2025-03-26 07:20:00+00:00,2025-03-26 07:28:00+00:00,short,87794.9979,87853.1657,87853.1657,87678.6621,58.1679,-50.0,loss,0,22600.0,0,1,-0.06,0.3114,0.6561,0.2298,1.8125,2.1561,0.2565,53.6268,0.3629,7,2,0.8353,0.1315
2025-03-26 19:34:00+00:00,2025-03-26 19:48:00+00:00,long,86282.0457,86708.4743,86068.8314,86708.4743,213.2143,100.0,win,1,22700.0,1,0,0.2525,-0.1975,0.8548,2.1846,0.6616,2.3548,0.2902,60.1346,-1.0276,19,2,1.1641,0.4603
2025-03-30 07:26:00+00:00,2025-03-30 08:50:00+00:00,short,83191.3829,83299.8257,83299.8257,82974.4971,108.4429,-50.0,loss,0,22650.0,0,1,-0.0915,0.13,1.3098,0.3625,1.1849,3.3033,1.308,40.4822,0.1749,7,6,0.9342,0.1272
2025-03-30 11:08:00+00:00,2025-03-30 11:15:00+00:00,long,83126.5371,83279.0229,83050.2943,83279.0229,76.2429,100.0,win,1,22750.0,1,0,0.0541,-0.1029,0.6375,1.5968,0.3862,2.3367,1.1259,55.9704,0.0363,11,6,0.8235,0.2998
2025-03-30 15:12:00+00:00,2025-03-30 15:16:00+00:00,short,82837.8436,82913.5971,82913.5971,82686.3364,75.7536,-50.0,loss,0,22700.0,0,1,-0.0305,-0.0629,0.5791,0.1043,1.0567,2.0791,0.4315,62.0652,-0.2321,15,6,0.7492,0.1389
2025-03-30 17:26:00+00:00,2025-03-30 17:45:00+00:00,long,82464.4786,82317.4571,82317.4571,82758.5214,147.0214,-50.0,loss,0,22650.0,1,0,0.1469,-0.1594,0.8631,3.6262,2.067,2.3631,0.5756,65.5314,-0.5142,17,6,0.7993,0.6358
2025-03-30 23:18:00+00:00,2025-03-30 23:43:00+00:00,short,82137.9957,82304.6314,82304.6314,81804.7243,166.6357,-50.0,loss,0,22600.0,0,1,-0.0456,-0.2466,0.5835,0.5073,2.2168,2.3484,0.8135,43.2061,-0.7314,23,6,0.7739,0.3909
2025-03-31 14:04:00+00:00,2025-03-31 14:15:00+00:00,long,82753.375,83526.725,82366.7,83526.725,386.675,100.0,win,1,22700.0,1,0,0.4884,0.6851,0.5385,3.5818,2.331,2.1334,0.4383,72.3499,0.9565,14,0,1.3296,0.6679
2025-04-02 02:19:00+00:00,2025-04-02 05:15:00+00:00,short,84729.0043,84261.8757,84962.5686,84261.8757,233.5643,100.0,win,1,22800.0,0,0,-0.0691,-0.3539,1.1231,2.9435,3.7274,2.6231,0.4533,33.3992,-0.2568,2,2,1.6131,0.4545
2025-04-03 15:30:00+00:00,2025-04-03 16:02:00+00:00,long,81740.2157,82222.3443,81499.1514,82222.3443,241.0643,100.0,win,1,22900.0,1,0,0.0503,-0.3898,0.7963,1.6888,0.1835,2.3905,0.4996,50.02,-1.1327,15,3,0.8105,0.3431
2025-04-06 08:40:00+00:00,2025-04-06 09:37:00+00:00,long,82909.2471,83137.6329,82795.0543,83137.6329,114.1929,100.0,win,1,23000.0,1,0,0.175,-0.2095,0.864,3.2088,1.4271,2.4543,0.7331,64.8265,-0.4045,8,6,1.6083,0.2755
2025-04-06 10:51:00+00:00,2025-04-06 11:14:00+00:00,long,82813.9836,82722.6371,82722.6371,82996.6764,91.3464,-50.0,loss,0,22950.0,1,0,0.0699,-0.1614,1.525,3.7959,1.8897,3.0283,1.0512,61.5358,-0.4293,10,6,0.8336,0.1755
2025-04-06 12:31:00+00:00,2025-04-06 13:36:00+00:00,short,82774.7679,82481.1321,82921.5857,82481.1321,146.8179,100.0,win,1,23050.0,0,1,-0.0977,-0.0934,1.3628,1.0628,1.9224,2.9554,0.7426,40.6643,-0.4109,12,6,1.2637,0.2149
2025-04-07 09:04:00+00:00,2025-04-07 09:49:00+00:00,short,76371.4907,76724.7514,76724.7514,75664.9693,353.2607,-50.0,loss,0,23000.0,0,1,-0.1191,0.409,0.8391,0.0179,1.4159,2.525,0.9122,50.9021,-0.4852,9,0,0.8825,0.2715
2025-04-07 18:11:00+00:00,2025-04-07 18:22:00+00:00,short,78802.9243,79291.1886,79291.1886,77826.3957,488.2643,-50.0,loss,0,22950.0,0,1,-0.3236,0.5685,1.3158,0.5727,1.3399,2.868,0.8662,43.4179,1.4542,18,0,0.8685,0.1251
2025-04-09 06:35:00+00:00,2025-04-09 06:43:00+00:00,short,76909.5314,77115.7029,77115.7029,76497.1886,206.1714,-50.0,loss,0,22900.0,0,1,-0.148,0.6369,0.6582,0.1079,1.015,2.851,0.6353,46.4544,1.3426,6,2,0.7669,0.3989
2025-04-09 19:53:00+00:00,2025-04-09 20:44:00+00:00,short,82318.6964,82602.2429,82602.2429,81751.6036,283.5464,-50.0,loss,0,22850.0,0,0,-0.0316,1.4151,0.9226,0.2637,1.4409,2.8651,0.443,43.4052,5.2849,19,2,0.7354,0.1306
2025-04-10 14:55:00+00:00,2025-04-10 15:14:00+00:00,short,81389.4393,80820.0607,81674.1286,80820.0607,284.6893,100.0,win,1,22950.0,0,1,-0.2871,-0.1045,0.5846,0.2557,1.08,2.6758,0.2031,31.368,-0.4101,14,3,0.7624,0.318
2025-04-10 22:34:00+00:00,2025-04-10 22:59:00+00:00,long,79782.0736,79636.0771,79636.0771,80074.0664,145.9964,-50.0,loss,0,22900.0,1,0,0.0355,0.1042,0.8993,2.5161,1.2877,2.7934,0.2332,49.4444,-1.0398,22,3,1.1422,0.1664
2025-04-12 03:22:00+00:00,2025-04-12 04:07:00+00:00,long,82943.715,82845.84,82845.84,83139.465,97.875,-50.0,loss,0,22850.0,1,0,0.1151,-0.2592,1.3085,2.1607,0.0402,2.8085,0.6194,59.6395,-0.2224,3,5,0.8356,0.527
2025-04-12 06:59:00+00:00,2025-04-12 07:16:00+00:00,short,83529.1607,83630.4714,83630.4714,83326.5393,101.3107,-50.0,loss,0,22800.0,0,1,-0.0807,0.2122,0.6372,0.3798,1.8538,2.1737,0.4697,32.5455,0.3755,6,5,1.0944,0.3093
2025-04-13 02:47:00+00:00,2025-04-13 03:35:00+00:00,long,85048.1143,85454.0857,84845.1286,85454.0857,202.9857,100.0,win,1,22900.0,1,0,0.2269,-0.2174,1.2344,1.4237,0.2505,2.8249,0.9619,66.8443,-0.2907,2,6,0.8782,0.4047
2025-04-13 08:43:00+00:00,2025-04-13 09:41:00+00:00,long,84542.335,84782.485,84422.26,84782.485,120.075,100.0,win,1,23000.0,1,0,0.0373,-0.0283,1.2933,4.3056,2.0846,3.2763,0.6031,57.586,-0.5267,8,6,1.1085,0.267
2025-04-13 14:15:00+00:00,2025-04-13 16:24:00+00:00,long,83793.3407,84309.9193,83535.0514,84309.9193,258.2893,100.0,win,1,23100.0,1,0,0.2229,-0.4678,0.9054,2.4056,1.0935,3.0177,0.7088,60.4648,-1.05,14,6,1.1598,0.4049
2025-04-14 10:26:00+00:00,2025-04-14 12:00:00+00:00,long,84563.595,84978.345,84356.22,84978.345,207.375,100.0,win,1,23200.0,1,0,0.1179,0.0678,1.7377,3.7752,2.9742,3.2377,0.5589,69.9096,-0.1226,10,0,1.2291,0.2452
2025-04-15 22:34:00+00:00,2025-04-15 22:46:00+00:00,long,83965.1836,83835.8371,83835.8371,84223.8764,129.3464,-50.0,loss,0,23150.0,1,0,0.1827,-0.0881,1.1834,1.8271,0.8741,2.6855,0.5345,65.7114,-1.3991,22,1,0.7943,0.3067
2025-04-17 06:00:00+00:00,2025-04-17 06:06:00+00:00,short,84322.4714,84397.9429,84397.9429,84171.5286,75.4714,-50.0,loss,0,23100.0,0,1,-0.1096,0.2003,1.2301,0.5422,2.8728,3.0538,0.8922,35.3265,0.2768,6,3,0.772,0.3783
2025-04-17 20:36:00+00:00,2025-04-17 20:46:00+00:00,short,84844.2671,84949.8743,84949.8743,84633.0529,105.6071,-50.0,loss,0,23050.0,0,0,-0.1662,-0.0747,0.7794,2.4587,3.0808,2.5966,0.5948,38.5704,0.3345,20,3,0.7841,0.512
2025-04-20 12:47:00+00:00,2025-04-20 13:16:00+00:00,short,84271.0686,84105.4114,84353.8971,84105.4114,82.8286,100.0,win,1,23150.0,0,1,-0.1296,-0.0125,0.9589,0.2494,1.3092,2.4589,0.7682,32.7626,-0.3153,12,6,1.0785,0.3819
2025-04-20 23:48:00+00:00,2025-04-20 23:55:00+00:00,short,85023.5221,85120.3543,85120.3543,84829.8579,96.8321,-50.0,loss,0,23100.0,0,1,-0.0145,0.1404,0.8705,0.9323,2.6866,2.6015,0.2205,51.4275,0.4678,23,6,0.8477,0.2754
2025-04-21 02:03:00+00:00,2025-04-21 02:07:00+00:00,short,87132.1057,87345.6914,87345.6914,86704.9343,213.5857,-50.0,loss,0,23050.0,0,1,-0.2047,1.0237,0.5777,0.4437,1.934,2.3456,0.4923,36.0015,0.6742,2,0,0.9086,0.2211
2025-04-22 06:18:00+00:00,2025-04-22 06:38:00+00:00,short,88140.1414,87954.2986,88233.0629,87954.2986,92.9214,100.0,win,1,23150.0,0,1,-0.1227,-0.0073,0.502,2.0425,4.6214,2.002,0.958,23.7247,0.0424,6,1,1.1167,0.8006
2025-04-23 06:54:00+00:00,2025-04-23 06:57:00+00:00,short,93554.0321,93636.5143,93636.5143,93389.0679,82.4821,-50.0,loss,0,23100.0,0,1,-0.0612,0.1828,0.5456,0.7564,1.9841,2.0456,0.4904,39.9648,0.3504,6,2,0.8248,0.5087
2025-04-23 18:00:00+00:00,2025-04-23 18:12:00+00:00,long,93889.9307,94186.8093,93741.4914,94186.8093,148.4393,100.0,win,1,23200.0,1,1,0.1412,0.4955,0.7332,4.401,3.4918,2.8716,0.7798,68.5221,0.5255,18,2,0.7861,0.7539
2025-04-23 20:59:00+00:00,2025-04-23 21:08:00+00:00,short,93596.1607,93739.9714,93739.9714,93308.5393,143.8107,-50.0,loss,0,23150.0,0,1,-0.0273,0.0408,1.7956,0.6903,2.0341,3.2979,0.3743,41.7407,0.1829,20,2,0.8028,0.184
2025-04-24 11:59:00+00:00,2025-04-24 12:05:00+00:00,long,92574.4343,92487.7486,92487.7486,92747.8057,86.6857,-50.0,loss,0,23100.0,1,1,0.0266,0.2126,1.3178,10.5359,9.8183,2.8276,0.7328,74.7955,0.0101,11,3,0.6516,0.9023
2025-04-24 22:46:00+00:00,2025-04-24 22:54:00+00:00,short,93403.1114,93292.5686,93458.3829,93292.5686,55.2714,100.0,win,1,23200.0,0,1,-0.1028,0.0234,0.5385,2.53,4.2966,2.0385,0.3473,23.4926,0.6121,22,3,0.8258,0.7606
2025-04-28 13:21:00+00:00,2025-04-28 13:32:00+00:00,short,95157.0143,94791.3857,95339.8286,94791.3857,182.8143,100.0,win,1,23300.0,0,0,-0.0301,0.0253,1.1063,1.5896,4.9898,2.6063,0.3114,28.4141,0.8719,13,0,0.9799,0.1912
2025-04-28 20:08:00+00:00,2025-04-28 20:51:00+00:00,short,94588.0064,94358.2136,94702.9029,94358.2136,114.8964,100.0,win,1,23400.0,0,1,-0.1182,0.3051,0.8322,3.0792,4.2672,2.3905,0.3798,19.2387,0.3327,20,0,0.9015,0.8184
2025-04-29 11:17:00+00:00,2025-04-29 11:39:00+00:00,long,95223.2271,95019.5343,95019.5343,95630.6129,203.6929,-50.0,loss,0,23350.0,1,1,0.2563,0.4048,1.946,7.7144,7.2613,3.7219,1.9687,93.0676,0.4455,11,1,1.6701,1.0953
2025-05-06 02:42:00+00:00,2025-05-06 03:31:00+00:00,long,94115.985,94386.435,93980.76,94386.435,135.225,100.0,win,1,23450.0,1,0,0.0864,-0.3376,0.7682,1.0877,0.0074,2.4972,0.4571,52.4673,-0.2946,2,1,1.1635,0.1054
2025-05-06 07:18:00+00:00,2025-05-06 07:33:00+00:00,short,94377.4571,94473.4143,94473.4143,94185.5429,95.9571,-50.0,loss,0,23400.0,0,1,-0.1214,-0.0349,2.1113,1.3398,2.7511,3.6113,0.4684,24.3355,-0.0109,7,1,1.3211,0.3712
2025-05-06 09:16:00+00:00,2025-05-06 10:20:00+00:00,short,94161.6786,94225.2571,94225.2571,94034.5214,63.5786,-50.0,loss,0,23350.0,0,0,-0.1102,-0.1416,0.8736,3.2965,4.7413,2.3736,0.522,30.8555,-0.1885,9,1,0.8875,0.8274
2025-05-08 00:14:00+00:00,2025-05-08 00:36:00+00:00,long,97031.7807,96897.1914,96897.1914,97300.9593,134.5893,-50.0,loss,0,23300.0,1,0,0.0519,0.0518,1.0302,1.7766,0.4982,2.5302,0.5649,48.3269,0.0161,0,3,1.4809,0.22
2025-05-08 04:33:00+00:00,2025-05-08 04:53:00+00:00,short,99254.6171,98957.5029,99403.1743,98957.5029,148.5571,100.0,win,1,23400.0,0,1,-0.1074,0.688,1.0521,0.2218,1.5678,2.5538,0.9697,39.2651,0.9073,4,3,0.6866,0.0862
2025-05-08 12:33:00+00:00,2025-05-08 12:36:00+00:00,long,99466.9979,99313.8657,99313.8657,99773.2621,153.1321,-50.0,loss,0,23350.0,1,0,0.0526,-0.0314,1.5593,1.9252,1.2595,3.0613,4.074,57.8363,0.673,12,3,1.709,0.0629
2025-05-08 22:42:00+00:00,2025-05-08 23:48:00+00:00,long,102862.5736,103234.1664,102676.7771,103234.1664,185.7964,100.0,win,1,23450.0,1,1,0.0657,0.5403,0.8577,2.3713,0.9426,2.5018,0.726,63.1838,2.5978,22,3,0.6437,0.1583
2025-05-10 03:44:00+00:00,2025-05-10 04:09:00+00:00,long,103150.3579,103088.4257,103088.4257,103274.2221,61.9321,-50.0,loss,0,23400.0,1,1,0.099,0.1352,1.2622,4.8525,2.453,2.7622,1.8897,77.5612,0.1512,3,5,1.2501,0.8631
2025-05-11 16:31:00+00:00,2025-05-11 16:35:00+00:00,long,104062.2171,103904.1743,103904.1743,104378.3029,158.0429,-50.0,loss,0,23350.0,1,0,0.1188,-0.1051,0.7313,1.7691,0.7045,2.2313,0.3601,60.7015,-0.0271,16,6,0.7571,0.4202
2025-05-11 20:34:00+00:00,2025-05-11 21:06:00+00:00,long,104364.7136,104169.5171,104169.5171,104755.1064,195.1964,-50.0,loss,0,23300.0,1,0,0.0478,0.0683,1.5709,1.4724,0.6204,3.3733,1.0702,49.0133,0.2394,20,6,1.1749,0.1092
2025-05-12 03:26:00+00:00,2025-05-12 03:29:00+00:00,long,104015.565,103913.04,103913.04,104220.615,102.525,-50.0,loss,0,23250.0,1,0,0.1433,-0.0143,1.245,5.6546,3.9331,2.745,0.9503,72.7601,-0.3163,3,0,0.6969,0.9735
2025-05-12 12:57:00+00:00,2025-05-12 13:12:00+00:00,short,103954.8829,104109.7257,104109.7257,103645.1971,154.8429,-50.0,loss,0,23200.0,0,0,-0.0823,-0.1802,1.6691,0.3092,1.5647,3.1712,0.9213,37.771,-0.5552,12,0,0.7961,0.0693
2025-05-13 05:20:00+00:00,2025-05-13 05:34:00+00:00,short,102533.4429,102347.5571,102626.3857,102347.5571,92.9429,100.0,win,1,23300.0,0,1,-0.0868,0.2824,0.6401,0.2579,1.5405,2.1401,1.6805,41.3944,0.3935,5,1,0.779,0.3931
2025-05-13 12:07:00+00:00,2025-05-13 12:30:00+00:00,short,103629.9271,103763.6343,103763.6343,103362.5129,133.7071,-50.0,loss,0,23250.0,0,1,-0.0587,0.2562,0.66,0.484,2.2039,2.5579,0.5783,50.2237,1.011,12,1,1.2628,0.1321
2025-05-13 17:22:00+00:00,2025-05-13 17:35:00+00:00,long,103849.9071,103708.1143,103708.1143,104133.4929,141.7929,-50.0,loss,0,23200.0,1,1,0.0639,0.1613,0.9062,2.1025,0.543,2.4062,0.3609,52.5375,0.7403,17,1,0.785,0.2236
2025-05-13 18:33:00+00:00,2025-05-13 19:25:00+00:00,short,104222.7629,104380.4057,104380.4057,103907.4771,157.6429,-50.0,loss,0,23150.0,0,1,-0.106,0.2838,1.3839,1.307,2.3687,2.8857,0.6338,46.3138,1.0364,18,1,0.9261,0.1732
2025-05-14 14:49:00+00:00,2025-05-14 15:03:00+00:00,long,103242.8607,103010.8714,103010.8714,103706.8393,231.9893,-50.0,loss,0,23100.0,1,0,0.197,-0.3698,1.157,2.3038,0.3967,2.9593,0.7908,66.7865,-0.3336,14,2,0.7508,0.4018
2025-05-14 19:32:00+00:00,2025-05-14 19:58:00+00:00,short,103464.7579,103251.6221,103571.3257,103251.6221,106.5679,100.0,win,1,23200.0,0,1,-0.1292,0.1392,0.7246,0.5631,1.8013,2.3906,0.4667,32.5102,-0.0138,19,2,1.0168,0.3323
2025-05-15 08:03:00+00:00,2025-05-15 08:21:00+00:00,long,101984.2386,101849.5171,101849.5171,102253.6814,134.7214,-50.0,loss,0,23150.0,1,0,0.2488,-0.2561,0.9188,5.0185,3.2132,2.4224,1.771,70.5086,-0.5804,8,3,0.9036,0.4964
2025-05-15 22:37:00+00:00,2025-05-15 23:05:00+00:00,short,103589.2136,103371.8064,103697.9171,103371.8064,108.7036,100.0,win,1,23250.0,0,1,-0.1705,0.2794,1.0798,0.356,1.5687,2.5798,0.1908,39.2728,0.8863,22,3,0.5978,0.666
2025-05-19 07:33:00+00:00,2025-05-19 07:45:00+00:00,long,102855.5307,103176.8093,102694.8914,103176.8093,160.6393,100.0,win,1,23350.0,1,1,0.0023,-0.0572,0.737,10.6178,8.909,2.2724,0.6181,64.6658,-1.0799,7,0,0.793,0.3238
2025-05-20 05:32:00+00:00,2025-05-20 06:08:00+00:00,short,106223.5329,105872.9471,106398.8257,105872.9471,175.2929,100.0,win,1,23450.0,0,1,-0.1438,0.2329,1.3537,0.3,0.6904,3.1682,1.2202,36.8263,0.1064,5,1,1.1398,0.1513
2025-05-21 20:42:00+00:00,2025-05-21 20:55:00+00:00,short,107944.1579,108087.7257,108087.7257,107657.0221,143.5679,-50.0,loss,0,23400.0,0,1,-0.0681,0.1296,0.562,2.9794,4.9886,2.0634,0.5833,23.7727,0.3063,20,2,0.5463,0.4904
2025-05-22 01:36:00+00:00,2025-05-22 02:08:00+00:00,short,109913.0986,110272.8771,110272.8771,109193.5414,359.7786,-50.0,loss,0,23350.0,0,1,-0.0522,0.3824,1.0501,0.6301,2.0695,2.7678,1.2161,44.8044,0.0146,1,3,0.9271,0.1303
2025-05-23 11:36:00+00:00,2025-05-23 11:44:00+00:00,short,110683.1186,110210.3614,110919.4971,110210.3614,236.3786,100.0,win,1,23450.0,0,0,-0.0616,-0.225,1.4948,4.0199,4.8507,3.2298,1.2106,48.9193,-0.274,11,4,1.4291,0.1079
2025-05-24 08:28:00+00:00,2025-05-24 08:44:00+00:00,long,107821.5993,108008.6207,107728.0886,108008.6207,93.5107,100.0,win,1,23550.0,1,0,0.0815,-0.1269,0.5304,1.6932,0.6803,2.0325,0.2736,52.6771,0.0569,8,5,0.7224,0.459
2025-05-25 22:06:00+00:00,2025-05-25 22:09:00+00:00,long,107678.1893,108148.1107,107443.2286,108148.1107,234.9607,100.0,win,1,23650.0,1,0,0.128,0.1584,1.032,4.153,2.6038,2.7936,0.9571,56.9845,0.2877,22,6,1.3425,0.3372
2025-05-29 11:50:00+00:00,2025-05-29 12:06:00+00:00,short,108703.0364,108555.3436,108776.8829,108555.3436,73.8464,100.0,win,1,23750.0,0,1,-0.0227,0.1861,0.7015,0.1635,4.1036,2.5148,1.5478,34.3244,0.6248,11,3,0.6595,0.2636
2025-05-30 08:18:00+00:00,2025-05-30 09:39:00+00:00,long,104990.2271,104753.4343,104753.4343,105463.8129,236.7929,-50.0,loss,0,23700.0,1,0,0.0383,-0.5072,0.7386,2.0848,0.4994,2.3508,0.7438,45.536,-0.3719,8,4,0.946,0.03
2025-06-01 15:01:00+00:00,2025-06-01 15:18:00+00:00,short,104557.7471,104651.9543,104651.9543,104369.3329,94.2071,-50.0,loss,0,23650.0,0,1,-0.0346,0.2376,0.8069,0.1601,5.7374,2.9012,0.4335,46.5258,0.3342,15,6,0.5928,0.3418
2025-06-01 23:40:00+00:00,2025-06-02 00:19:00+00:00,short,105658.255,105446.005,105764.38,105446.005,106.125,100.0,win,1,23750.0,0,1,-0.0776,0.2311,0.9918,0.7615,2.6627,2.4941,0.2717,39.0831,0.9868,23,6,0.9506,0.3048
2025-06-03 07:04:00+00:00,2025-06-03 07:20:00+00:00,long,105368.2843,105301.6486,105301.6486,105501.5557,66.6357,-50.0,loss,0,23700.0,1,1,0.0565,0.0308,0.7096,4.4732,3.558,2.2096,0.4158,61.9094,-0.362,7,1,1.4304,0.7564
2025-06-03 08:49:00+00:00,2025-06-03 09:34:00+00:00,long,104947.3714,105102.0286,104870.0429,105102.0286,77.3286,100.0,win,1,23800.0,1,0,0.0987,-0.1906,0.8099,4.9916,3.3277,2.834,1.9713,66.2804,-0.659,8,1,0.8754,0.4319
2025-06-03 19:54:00+00:00,2025-06-03 19:58:00+00:00,short,106069.6779,106184.4457,106184.4457,105840.1421,114.7679,-50.0,loss,0,23750.0,0,1,-0.1601,0.0509,0.7165,2.9163,4.2489,2.2165,0.5,19.7118,0.2283,19,1,1.1312,0.6642
2025-06-03 23:18:00+00:00,2025-06-03 23:34:00+00:00,short,105563.8421,105395.9779,105647.7743,105395.9779,83.9321,100.0,win,1,23850.0,0,1,-0.0204,-0.1374,1.1712,1.6645,4.2551,2.6712,0.6933,31.828,-0.2235,23,1,1.0844,0.4884
2025-06-04 15:55:00+00:00,2025-06-04 16:30:00+00:00,short,105356.0279,105035.7921,105516.1457,105035.7921,160.1179,100.0,win,1,23950.0,0,1,-0.0802,0.2742,0.6136,0.3068,1.6335,2.613,0.6516,35.5741,0.2144,15,2,0.9184,0.2516
2025-06-07 00:50:00+00:00,2025-06-07 01:00:00+00:00,long,104309.5271,104462.3129,104233.1343,104462.3129,76.3929,100.0,win,1,24050.0,1,1,0.0241,0.07,0.5799,4.4652,2.8261,2.0799,0.4693,62.8587,0.2558,0,5,0.9259,0.7489
2025-06-07 04:13:00+00:00,2025-06-07 04:24:00+00:00,short,104689.3893,104733.2286,104733.2286,104601.7107,43.8393,-50.0,loss,0,24000.0,0,1,-0.1349,0.1287,0.5983,5.1549,6.9306,2.0983,0.2557,15.6195,0.2143,4,5,0.7373,1.0892
2025-06-09 14:17:00+00:00,2025-06-09 14:35:00+00:00,long,107392.9457,107845.9743,107166.4314,107845.9743,226.5143,100.0,win,1,24100.0,1,0,0.1917,0.0785,0.7189,3.6356,1.9113,2.648,0.7833,61.758,0.5716,14,0,0.9257,0.6149
2025-06-09 23:40:00+00:00,2025-06-10 00:07:00+00:00,long,110170.59,109992.44,109992.44,110526.89,178.15,-50.0,loss,0,24050.0,1,0,0.1454,0.4792,1.5645,3.4406,1.5422,3.0663,1.6316,57.5306,2.1822,23,0,1.0733,0.371
2025-06-10 11:33:00+00:00,2025-06-10 11:53:00+00:00,long,109707.0214,109535.3429,109535.3429,110050.3786,171.6786,-50.0,loss,0,24000.0,1,1,0.0408,0.3333,0.7653,6.1291,5.951,2.2653,1.3487,58.0591,0.2112,11,1,1.927,0.4886
2025-06-11 14:48:00+00:00,2025-06-11 17:44:00+00:00,short,109930.3736,109254.9664,110268.0771,109254.9664,337.7036,100.0,win,1,24100.0,0,1,-0.143,0.209,0.7403,0.3774,1.2616,2.7292,0.3509,30.4197,0.2369,14,2,1.2866,0.362
2025-06-12 07:10:00+00:00,2025-06-12 07:29:00+00:00,short,107837.2764,107639.9836,107935.9229,107639.9836,98.6464,100.0,win,1,24200.0,0,1,-0.0283,0.001,1.1122,0.4581,1.61,2.6122,0.5294,47.8475,-0.1644,7,3,1.1935,0.2991
2025-06-12 18:21:00+00:00,2025-06-12 18:46:00+00:00,short,107872.5629,107506.0771,108055.8057,107506.0771,183.2429,100.0,win,1,24300.0,0,1,-0.1155,0.074,0.6058,1.6343,2.9355,2.523,0.3947,35.9002,0.3065,18,3,1.1419,0.6984
2025-06-12 21:48:00+00:00,2025-06-12 23:59:00+00:00,short,106032.7086,105628.8514,106234.6371,105628.8514,201.9286,100.0,win,1,24400.0,0,0,-0.0815,-0.6292,0.6236,1.2873,1.771,2.1236,0.4592,33.66,-1.1674,21,3,1.0004,0.3903
2025-06-13 16:18:00+00:00,2025-06-13 16:38:00+00:00,long,105896.2343,105612.2486,105612.2486,106464.2057,283.9857,-50.0,loss,0,24350.0,1,1,0.3039,0.7447,1.0427,5.0196,3.7396,3.2397,1.3525,84.917,1.4899,16,4,0.9392,0.8641
2025-06-14 08:14:00+00:00,2025-06-14 08:20:00+00:00,short,104838.3929,104885.0857,104885.0857,104745.0071,46.6929,-50.0,loss,0,24300.0,0,0,-0.0555,-0.2332,0.6293,6.7401,8.0625,2.1293,1.178,5.3957,-0.4849,8,5,0.8712,1.3723
2025-06-15 02:04:00+00:00,2025-06-15 05:29:00+00:00,long,105460.7807,105590.1593,105396.0914,105590.1593,64.6893,100.0,win,1,24400.0,1,0,0.0603,0.0904,1.1698,4.0094,2.6371,2.6739,1.131,61.1674,0.0231,2,6,0.9118,0.4178
2025-06-16 01:54:00+00:00,2025-06-16 04:21:00+00:00,long,105794.3986,106208.4414,105587.3771,106208.4414,207.0214,100.0,win,1,24500.0,1,0,0.1887,0.4774,0.5049,5.1042,4.4994,2.0494,0.9879,75.2749,0.3839,1,0,1.3364,0.8192
2025-06-17 11:57:00+00:00,2025-06-17 12:12:00+00:00,long,105601.8664,105768.8736,105518.3629,105768.8736,83.5036,100.0,win,1,24600.0,1,0,0.1252,-0.3484,1.2526,5.0502,2.6899,2.7526,1.3416,67.7961,-0.9507,11,1,0.6604,0.3425
2025-06-17 13:24:00+00:00,2025-06-17 13:44:00+00:00,long,105528.7436,105314.3971,105314.3971,105957.4364,214.3464,-50.0,loss,0,24550.0,1,0,0.0937,-0.1864,1.4539,2.4172,0.8682,2.9539,0.6769,59.6314,-0.9182,13,1,1.5172,0.0917
2025-06-21 02:12:00+00:00,2025-06-21 02:35:00+00:00,short,103358.9893,103411.0286,103411.0286,103254.9107,52.0393,-50.0,loss,0,24500.0,0,1,-0.0712,0.0779,0.6738,0.2469,1.942,2.178,0.4819,30.6177,0.0884,2,5,0.8961,0.5502
2025-06-22 17:28:00+00:00,2025-06-22 17:31:00+00:00,short,99420.8164,99679.5629,99679.5629,98903.3236,258.7464,-50.0,loss,0,24450.0,0,1,-0.3985,-0.3262,0.8069,0.4048,1.4497,2.3069,0.6319,18.0047,-1.4455,17,6,0.916,0.583
2025-06-22 21:28:00+00:00,2025-06-22 22:00:00+00:00,short,99094.6143,99377.7286,99377.7286,98528.3857,283.1143,-50.0,loss,0,24400.0,0,1,-0.2611,-0.1141,1.624,3.4315,5.1124,3.2866,1.7111,35.0746,-1.4562,21,6,0.6445,0.5434
2025-06-24 17:21:00+00:00,2025-06-24 17:28:00+00:00,short,105825.7879,105550.9521,105963.2057,105550.9521,137.4179,100.0,win,1,24500.0,0,1,-0.1827,0.2967,0.5356,1.1749,2.9717,2.3742,0.4027,23.6601,0.5474,17,1,0.6913,0.7166
2025-06-25 08:11:00+00:00,2025-06-25 08:34:00+00:00,short,106536.6657,106329.8943,106640.0514,106329.8943,103.3857,100.0,win,1,24600.0,0,1,-0.0098,0.1504,1.5717,0.3001,1.9491,3.0717,0.3919,43.9494,0.2061,8,2,1.0196,0.317
2025-06-25 17:06:00+00:00,2025-06-25 17:20:00+00:00,long,107167.1629,107450.0771,107025.7057,107450.0771,141.4571,100.0,win,1,24700.0,1,0,0.1427,-0.044,1.4861,2.1046,0.209,2.9861,0.7299,72.5733,0.1897,17,2,0.7835,0.4066
2025-06-26 13:31:00+00:00,2025-06-26 13:50:00+00:00,long,107057.67,106890.02,106890.02,107392.97,167.65,-50.0,loss,0,24650.0,1,0,0.0828,-0.1298,1.5127,0.739,0.1016,3.8718,1.9548,58.6662,-0.4924,13,3,1.0361,0.1174
2025-06-27 02:03:00+00:00,2025-06-27 02:07:00+00:00,short,107015.4243,107133.3886,107133.3886,106779.4957,117.9643,-50.0,loss,0,24600.0,0,1,-0.0923,0.0393,1.1663,0.5741,1.598,2.6663,0.7844,42.7409,0.1573,2,4,0.7903,0.1719
2025-06-28 13:26:00+00:00,2025-06-28 13:28:00+00:00,short,107188.9143,107138.0857,107214.3286,107138.0857,25.4143,100.0,win,1,24700.0,0,0,-0.0478,-0.0763,1.6088,10.5982,11.7649,3.1211,0.7051,6.6123,-0.0184,13,5,1.7604,1.9374
2025-07-01 14:24:00+00:00,2025-07-01 14:34:00+00:00,short,106787.3614,106364.1186,106998.9829,106364.1186,211.6214,100.0,win,1,24800.0,0,1,-0.2501,0.1603,0.5049,0.3771,1.6883,2.6251,0.5088,38.9489,0.0266,14,1,0.9532,0.243
2025-07-02 02:56:00+00:00,2025-07-02 03:12:00+00:00,long,105810.9736,105988.1664,105722.3771,105988.1664,88.5964,100.0,win,1,24900.0,1,1,0.0538,0.2046,0.8775,6.156,5.2329,2.3775,0.486,71.7253,0.2856,2,2,1.1938,0.7703
2025-07-05 08:12:00+00:00,2025-07-05 08:25:00+00:00,long,108055.4321,107995.4143,107995.4143,108175.4679,60.0179,-50.0,loss,0,24850.0,1,0,0.0512,-0.013,1.142,3.0072,1.7726,2.6465,0.5563,71.6066,-0.0117,8,5,2.0475,0.5368
2025-07-08 09:30:00+00:00,2025-07-08 09:44:00+00:00,long,108344.8457,108425.2743,108304.6314,108425.2743,40.2143,100.0,win,1,24950.0,1,0,0.0354,0.0858,0.5577,4.5592,2.8041,2.0577,0.5459,65.179,0.2915,9,1,1.2977,0.5484
2025-07-10 22:50:00+00:00,2025-07-10 23:01:00+00:00,long,116115.8379,115949.0057,115949.0057,116449.5021,166.8321,-50.0,loss,0,24900.0,1,1,0.2549,1.0038,0.606,2.9637,1.9456,2.3623,0.4931,65.6031,2.3777,22,3,0.7501,0.679
2025-07-13 14:04:00+00:00,2025-07-13 14:15:00+00:00,short,118436.9286,118618.8571,118618.8571,118073.0714,181.9286,-50.0,loss,0,24850.0,0,1,-0.1738,0.2101,1.1243,0.4373,2.4767,2.6258,0.306,32.0927,0.3499,14,6,0.9594,0.2898
2025-07-18 21:43:00+00:00,2025-07-18 22:04:00+00:00,short,117784.6743,117521.6457,117916.1886,117521.6457,131.5143,100.0,win,1,24950.0,0,1,-0.0583,0.1959,1.4393,0.0626,1.8729,2.9393,0.4901,54.6125,-0.8141,21,4,0.6327,0.2249
2025-07-21 19:14:00+00:00,2025-07-21 19:27:00+00:00,long,117455.4214,117187.6429,117187.6429,117990.9786,267.7786,-50.0,loss,0,24900.0,1,0,0.2263,-0.3145,1.0313,1.5314,0.656,2.5313,0.4786,64.4885,-0.7043,19,0,1.1993,0.3576
2025-07-30 09:17:00+00:00,2025-07-30 09:36:00+00:00,short,118246.1343,117981.5057,118378.4486,117981.5057,132.3143,100.0,win,1,25000.0,0,1,-0.0625,0.0471,0.554,1.7538,3.0224,2.5278,4.0845,39.4975,0.1869,9,2,1.1959,0.5594
2025-08-01 23:21:00+00:00,2025-08-01 23:37:00+00:00,long,113381.915,113182.54,113182.54,113780.665,199.375,-50.0,loss,0,24950.0,1,0,0.1137,-0.1094,0.8212,2.841,1.6377,2.3224,0.6377,70.3565,-1.0788,23,4,0.6453,0.5002
2025-08-05 13:04:00+00:00,2025-08-05 13:37:00+00:00,long,114002.0621,114333.5979,113836.2943,114333.5979,165.7679,100.0,win,1,25050.0,1,0,0.1779,-0.4004,0.5123,1.5283,0.2355,2.0123,0.6387,54.0919,-0.3087,13,1,0.7866,0.2643
2025-08-07 07:49:00+00:00,2025-08-07 08:00:00+00:00,short,114709.7729,114761.2657,114761.2657,114606.7871,51.4929,-50.0,loss,0,25000.0,0,1,-0.0171,0.083,0.9793,0.4438,2.0648,2.4841,0.5033,49.088,0.0985,7,3,0.766,0.5076
2025-08-08 06:40:00+00:00,2025-08-08 07:09:00+00:00,long,116598.9114,116506.3829,116506.3829,116783.9686,92.5286,-50.0,loss,0,24950.0,1,0,0.0086,-0.0173,0.9027,4.1467,3.1384,2.4423,0.4761,50.3964,-0.2172,6,4,1.3024,0.3653
2025-08-08 11:13:00+00:00,2025-08-08 11:58:00+00:00,long,116733.8993,116872.1207,116664.7886,116872.1207,69.1107,100.0,win,1,25050.0,1,1,0.0726,0.1388,0.8722,8.2152,6.5363,2.3825,0.5426,88.748,-0.0234,11,4,1.248,1.5485
2025-08-11 23:23:00+00:00,2025-08-11 23:30:00+00:00,short,118769.0929,118577.7071,118864.7857,118577.7071,95.6929,100.0,win,1,25150.0,0,1,-0.0522,-0.0671,0.5737,0.0979,2.0237,2.1784,0.6028,39.7538,-1.3347,23,0,0.752,0.3458
2025-08-15 20:11:00+00:00,2025-08-15 22:31:00+00:00,long,117007.1136,117338.1064,116841.6171,117338.1064,165.4964,100.0,win,1,25250.0,1,0,0.1583,-0.1352,1.0216,2.9355,1.4774,2.6752,0.23,62.8373,-0.8157,20,4,1.0326,0.3131
2025-08-21 17:47:00+00:00,2025-08-21 17:51:00+00:00,long,112492.8607,112318.3714,112318.3714,112841.8393,174.4893,-50.0,loss,0,25200.0,1,0,0.084,-0.1749,0.733,4.5836,2.909,2.3775,2.0539,68.1924,-0.7361,17,3,0.89,0.3362
2025-08-28 08:11:00+00:00,2025-08-28 08:22:00+00:00,long,113226.8664,113041.8629,113041.8629,113596.8736,185.0036,-50.0,loss,0,25150.0,1,1,0.0294,0.3024,1.1909,2.7301,1.8828,2.7889,0.5222,64.214,0.7181,8,3,1.4426,0.3638
2025-08-30 15:12:00+00:00,2025-08-30 15:15:00+00:00,short,108561.1671,108634.8743,108634.8743,108413.7529,73.7071,-50.0,loss,0,25100.0,0,1,-0.0502,0.043,0.5635,0.4878,2.4165,2.0663,1.5514,39.083,0.2693,15,5,1.1267,0.4275
2025-09-02 07:44:00+00:00,2025-09-02 07:50:00+00:00,long,110238.3693,110108.4086,110108.4086,110498.2907,129.9607,-50.0,loss,0,25050.0,1,0,0.0689,0.0448,1.0833,1.2702,0.1352,2.5833,0.8816,56.6855,0.3259,7,1,1.1095,0.2086
2025-09-13 09:21:00+00:00,2025-09-13 09:39:00+00:00,short,115837.2464,115858.5429,115858.5429,115794.6536,21.2964,-50.0,loss,0,25000.0,0,1,-0.0148,0.0334,0.5352,6.3932,14.1147,2.0352,0.2437,25.6664,0.0198,9,5,0.6818,1.1566
2025-09-13 09:53:00+00:00,2025-09-13 10:10:00+00:00,long,115938.0121,116046.0479,115883.9943,116046.0479,54.0179,100.0,win,1,25100.0,1,1,0.0654,0.1103,1.5158,4.8829,3.96,3.0214,2.5281,76.7813,0.1077,9,5,1.2963,0.8464
2025-09-15 07:10:00+00:00,2025-09-15 07:18:00+00:00,long,116126.7679,116315.7321,116032.2857,116315.7321,94.4821,100.0,win,1,25200.0,1,0,0.0752,0.0472,0.7301,1.5808,0.1796,2.2325,0.0946,58.6534,0.3135,7,0,0.8221,0.2527
2025-09-17 01:27:00+00:00,2025-09-17 02:52:00+00:00,long,116603.5936,116997.3864,116406.6971,116997.3864,196.8964,100.0,win,1,25300.0,1,0,0.0261,-0.0237,1.0537,1.936,0.6332,2.555,0.3915,51.8768,0.0166,1,2,2.2131,0.0627
2025-09-17 15:11:00+00:00,2025-09-17 16:20:00+00:00,long,115605.3821,115473.3143,115473.3143,115869.5179,132.0679,-50.0,loss,0,25250.0,1,0,0.062,-0.2873,0.9376,1.6889,0.3285,2.4376,1.3015,50.246,-0.6767,15,2,0.7182,0.1727
2025-09-20 15:38:00+00:00,2025-09-20 16:19:00+00:00,short,115973.3471,115861.5329,116029.2543,115861.5329,55.9071,100.0,win,1,25350.0,0,1,-0.0679,0.0537,0.612,0.5855,1.8208,2.112,0.9258,34.6426,0.2093,15,5,1.2442,0.4929
2025-09-21 17:10:00+00:00,2025-09-21 17:22:00+00:00,long,115245.6193,115384.2407,115176.3086,115384.2407,69.3107,100.0,win,1,25450.0,1,0,0.0318,-0.1467,0.62,0.8927,0.1201,2.2498,0.6137,60.2856,-0.2115,17,6,1.3354,0.1655
2025-09-22 11:28:00+00:00,2025-09-22 12:02:00+00:00,short,112763.8279,112588.5921,112851.4457,112588.5921,87.6179,100.0,win,1,25550.0,0,1,-0.1114,0.0931,0.6753,0.8739,2.9495,2.1753,0.6391,36.7175,-0.394,11,0,1.0496,0.2999
2025-09-29 18:48:00+00:00,2025-09-29 19:06:00+00:00,long,113985.5071,113911.5143,113911.5143,114133.4929,73.9929,-50.0,loss,0,25500.0,1,1,0.0653,0.1732,0.5594,2.3825,1.6867,2.0594,0.6757,55.6454,1.0577,18,0,0.8325,0.444
2025-10-07 11:00:00+00:00,2025-10-07 11:20:00+00:00,short,124191.99,124270.44,124270.44,124035.09,78.45,-50.0,loss,0,25450.0,0,1,-0.0227,0.1144,0.6233,1.5176,2.9051,2.126,1.1104,48.286,0.081,11,1,0.8504,0.2202
2025-10-08 07:38:00+00:00,2025-10-08 07:59:00+00:00,short,121414.7229,121540.5657,121540.5657,121163.0371,125.8429,-50.0,loss,0,25400.0,0,1,-0.0465,-0.0898,0.5487,3.3375,4.8787,2.199,0.5997,31.4705,-0.1538,7,2,0.9276,0.4355
2025-10-09 03:06:00+00:00,2025-10-09 08:15:00+00:00,long,121828.6057,121565.9914,121565.9914,122353.8343,262.6143,-50.0,loss,0,25350.0,1,0,0.2603,-0.4233,1.0511,1.734,0.6489,2.5511,1.3436,61.5757,-0.3619,3,3,1.2805,0.3197
2025-10-10 06:26:00+00:00,2025-10-10 06:42:00+00:00,short,121560.0136,121668.3171,121668.3171,121343.4064,108.3036,-50.0,loss,0,25300.0,0,1,-0.0622,0.1529,0.6675,0.4538,1.7787,2.2042,0.2324,51.7496,0.1657,6,4,1.0408,0.1913
2025-10-11 23:03:00+00:00,2025-10-12 00:05:00+00:00,short,110899.37,110389.47,111154.32,110389.47,254.95,100.0,win,1,25400.0,0,1,-0.1561,-0.004,1.4888,1.4758,1.9551,3.01,1.3763,43.2142,-0.6585,23,5,0.9999,0.3324
2025-10-14 00:13:00+00:00,2025-10-14 00:46:00+00:00,long,115133.62,114986.62,114986.62,115427.62,147.0,-50.0,loss,0,25350.0,1,0,0.0933,-0.1692,0.5749,1.4619,0.1582,2.0763,0.4704,53.2538,0.0515,0,1,1.1786,0.1688
2025-10-20 09:59:00+00:00,2025-10-20 10:46:00+00:00,long,110928.5336,110778.4371,110778.4371,111228.7264,150.0964,-50.0,loss,0,25300.0,1,0,0.1362,0.0253,0.5232,2.7962,1.7882,2.2183,4.2426,61.8933,1.0333,9,0,1.0383,0.4748
2025-10-20 13:58:00+00:00,2025-10-20 14:16:00+00:00,long,111099.0993,110829.2886,110829.2886,111638.7207,269.8107,-50.0,loss,0,25250.0,1,1,0.0665,0.2401,0.8666,4.5637,2.9103,2.3666,1.6477,71.4627,0.9925,13,0,1.3144,0.2766
2025-10-21 23:02:00+00:00,2025-10-21 23:33:00+00:00,long,109054.0093,108722.3486,108722.3486,109717.3307,331.6607,-50.0,loss,0,25200.0,1,0,0.225,-1.1915,1.4105,1.4837,0.4402,3.0736,2.2529,38.4143,-0.9619,23,1,0.5115,0.3331
2025-10-25 23:10:00+00:00,2025-10-25 23:15:00+00:00,short,111543.0879,111618.6057,111618.6057,111392.0521,75.5179,-50.0,loss,0,25150.0,0,1,-0.0568,0.0598,0.8689,0.9411,2.5942,2.3689,0.3923,40.8377,0.1046,23,5,1.3447,0.2247
2025-10-28 22:08:00+00:00,2025-10-28 22:29:00+00:00,short,112893.7936,113077.0971,113077.0971,112527.1864,183.3036,-50.0,loss,0,25100.0,0,1,-0.1512,-0.3573,0.645,1.4122,2.5947,2.2648,0.4456,43.3964,-1.1055,22,1,1.103,0.2971
2025-10-28 23:26:00+00:00,2025-10-28 23:36:00+00:00,short,112816.785,112985.66,112985.66,112479.035,168.875,-50.0,loss,0,25050.0,0,1,-0.0471,-0.292,0.9875,3.462,5.126,2.4889,0.3531,35.6949,-1.1453,23,1,1.3116,0.4132
2025-11-02 11:26:00+00:00,2025-11-02 11:32:00+00:00,long,110786.4571,110709.1143,110709.1143,110941.1429,77.3429,-50.0,loss,0,25000.0,1,1,0.0209,0.1715,0.5758,5.902,5.1907,2.1831,0.7044,83.2343,0.278,11,6,0.7731,0.7316
2025-11-02 18:35:00+00:00,2025-11-02 18:43:00+00:00,short,110181.5914,110248.4629,110248.4629,110047.8486,66.8714,-50.0,loss,0,24950.0,0,1,-0.03,0.0189,0.9846,0.5759,1.423,2.4846,0.4324,40.2,-0.2255,18,6,0.7677,0.0334
2025-11-08 10:39:00+00:00,2025-11-08 10:42:00+00:00,long,102504.3086,102432.8371,102432.8371,102647.2514,71.4714,-50.0,loss,0,24900.0,1,1,0.015,0.1308,1.1518,8.6162,6.3424,2.6555,2.2703,70.8166,-0.1154,10,5,0.6329,0.6378
2025-11-10 09:39:00+00:00,2025-11-10 10:01:00+00:00,long,106451.8321,106286.8143,106286.8143,106781.8679,165.0179,-50.0,loss,0,24850.0,1,1,0.0415,0.2912,0.8022,9.5426,6.9198,2.3022,0.3737,70.9402,0.4464,9,0,1.1296,0.6652
2025-11-12 05:21:00+00:00,2025-11-12 05:33:00+00:00,long,103330.9064,103248.4029,103248.4029,103495.9136,82.5036,-50.0,loss,0,24800.0,1,1,0.0131,0.1406,0.7337,6.1512,4.7055,2.2337,1.1081,57.315,0.2167,5,2,0.8665,0.3842
2025-11-16 16:45:00+00:00,2025-11-16 17:41:00+00:00,long,94362.325,94015.7,94015.7,95055.575,346.625,-50.0,loss,0,24750.0,1,0,0.3327,-0.6818,0.7641,2.2781,0.5211,2.5916,0.5622,66.3475,-1.035,16,6,0.8274,0.2286
2025-11-17 15:13:00+00:00,2025-11-17 16:06:00+00:00,short,94444.9271,93418.5129,94958.1343,93418.5129,513.2071,100.0,win,1,24850.0,0,1,-0.1958,-0.4027,0.5588,0.4445,2.1126,2.0588,0.391,41.3664,-0.5737,15,0,1.0298,0.4213
2025-11-17 16:46:00+00:00,2025-11-17 16:52:00+00:00,long,93706.7457,94335.3743,93392.4314,94335.3743,314.3143,100.0,win,1,24950.0,1,0,0.0193,-0.446,0.6054,1.5403,0.7649,2.1897,0.3389,55.9903,-1.0555,16,0,0.9512,0.543
2025-11-20 06:10:00+00:00,2025-11-20 06:15:00+00:00,long,92803.4564,92658.4029,92658.4029,93093.5636,145.0536,-50.0,loss,0,24900.0,1,1,0.1543,0.3139,0.785,3.4665,2.1565,2.2866,0.2604,64.4414,0.4711,6,3,1.2013,0.4756
2025-11-22 11:02:00+00:00,2025-11-22 11:05:00+00:00,long,83724.6821,83559.1143,83559.1143,84055.8179,165.5679,-50.0,loss,0,24850.0,1,0,0.1963,-0.2894,0.6982,1.0944,0.0815,2.3261,1.1187,71.5717,-0.7418,11,5,0.8987,0.3162
2025-11-22 14:42:00+00:00,2025-11-22 15:40:00+00:00,short,84417.055,84062.405,84594.38,84062.405,177.325,100.0,win,1,24950.0,0,1,-0.2138,0.4125,0.6732,0.9356,2.3433,2.1744,0.2329,39.4982,0.145,14,5,0.9286,0.1887
2025-11-23 16:27:00+00:00,2025-11-23 16:33:00+00:00,short,86997.5743,87173.4886,87173.4886,86645.7457,175.9143,-50.0,loss,0,24900.0,0,1,-0.1289,0.2452,0.9867,1.0842,2.5176,2.4867,0.3977,39.9622,0.8927,16,6,0.911,0.4628
2025-11-24 05:53:00+00:00,2025-11-24 06:05:00+00:00,short,87359.1986,87005.4414,87536.0771,87005.4414,176.8786,100.0,win,1,25000.0,0,1,-0.0974,0.1615,0.9235,0.3096,1.6907,2.4235,0.3608,36.9424,0.3465,5,0,0.7554,0.4853
2025-11-24 12:03:00+00:00,2025-11-24 12:11:00+00:00,short,86135.7257,85919.1543,86244.0114,85919.1543,108.2857,100.0,win,1,25100.0,0,1,-0.1944,-0.0971,0.6126,0.476,1.9178,2.1126,0.8546,28.1367,-0.7499,12,0,0.7549,0.4712
2025-11-27 08:46:00+00:00,2025-11-27 09:16:00+00:00,long,91374.0114,91556.8686,91282.5829,91556.8686,91.4286,100.0,win,1,25200.0,1,1,0.0309,0.1263,0.8512,1.7924,0.7175,2.3512,0.4806,66.1096,0.3021,8,3,0.9418,0.2349
2025-12-01 01:15:00+00:00,2025-12-01 02:01:00+00:00,long,87512.5307,87063.4914,87063.4914,88410.6093,449.0393,-50.0,loss,0,25150.0,1,0,0.4488,-2.0354,0.892,1.6251,0.009,2.5129,0.6554,62.3769,-0.9327,1,0,0.9297,0.305
2025-12-01 04:41:00+00:00,2025-12-01 04:53:00+00:00,long,85947.3307,85759.1914,85759.1914,86323.6093,188.1393,-50.0,loss,0,25100.0,1,0,0.2768,-0.9367,0.6922,2.2345,0.7256,2.5188,0.4858,73.0539,-1.8258,4,0,0.9023,0.2479
2025-12-03 11:07:00+00:00,2025-12-03 11:11:00+00:00,long,92910.09,92750.04,92750.04,93230.19,160.05,-50.0,loss,0,25050.0,1,1,0.0536,-0.0719,0.525,1.2287,0.0419,2.5773,0.604,44.0539,0.1181,11,2,0.8477,0.0474
2025-12-05 07:44:00+00:00,2025-12-05 08:04:00+00:00,short,92278.6764,92123.9836,92356.0229,92123.9836,77.3464,100.0,win,1,25150.0,0,1,-0.1259,0.1099,0.6599,2.4689,3.4923,2.1627,0.5187,33.8831,0.0978,7,4,0.8614,0.5347
2025-12-05 19:20:00+00:00,2025-12-05 21:51:00+00:00,long,89331.1229,89071.1657,89071.1657,89851.0371,259.9571,-50.0,loss,0,25100.0,1,1,0.3553,0.0281,0.6793,3.758,2.3401,2.3052,1.1573,73.7639,-1.1059,19,4,1.1298,0.5031
2025-12-06 11:20:00+00:00,2025-12-06 11:43:00+00:00,long,89525.1764,89654.2836,89460.6229,89654.2836,64.5536,100.0,win,1,25200.0,1,1,0.0488,0.0389,0.5667,2.6028,0.2817,2.0667,0.7001,60.1724,0.0846,11,5,1.1356,0.2074
2025-12-07 07:54:00+00:00,2025-12-07 08:07:00+00:00,long,89312.6036,89230.5571,89230.5571,89476.6964,82.0464,-50.0,loss,0,25150.0,1,0,0.1223,-0.1486,0.5505,1.6665,0.2252,2.053,0.5387,66.1534,-0.1427,7,6,0.9527,0.457
2025-12-15 20:42:00+00:00,2025-12-15 21:03:00+00:00,long,85940.8893,85696.0286,85696.0286,86430.6107,244.8607,-50.0,loss,0,25100.0,1,0,0.1749,-0.1746,0.7705,2.5824,1.9474,2.4218,0.7151,60.5356,-1.8763,20,0,0.947,0.4274
2025-12-15 23:01:00+00:00,2025-12-16 00:38:00+00:00,long,86230.9521,86065.2343,86065.2343,86562.3879,165.7179,-50.0,loss,0,25050.0,1,1,0.1589,0.257,0.8941,5.4853,4.1131,2.9342,1.6297,75.9583,-1.4559,23,0,1.1759,0.5347
2025-12-19 04:58:00+00:00,2025-12-19 05:03:00+00:00,long,87073.135,86944.36,86944.36,87330.685,128.775,-50.0,loss,0,25000.0,1,1,0.1052,0.7007,0.6957,1.439,0.3291,2.1957,0.6105,63.0879,0.7596,4,4,0.6853,0.1421
2025-12-19 07:38:00+00:00,2025-12-19 08:02:00+00:00,short,87816.4107,87987.3714,87987.3714,87474.4893,170.9607,-50.0,loss,0,24950.0,0,1,-0.0983,0.7246,0.6078,0.1948,1.4968,2.1078,0.2887,52.6222,1.1732,7,4,0.7186,0.6215
2025-12-21 05:22:00+00:00,2025-12-21 07:43:00+00:00,long,88095.1121,88016.8943,88016.8943,88251.5479,78.2179,-50.0,loss,0,24900.0,1,1,0.0506,0.0462,1.1054,2.0942,0.6512,3.144,1.8605,57.4664,0.0464,5,6,1.7182,0.242
2025-12-24 20:56:00+00:00,2025-12-24 21:00:00+00:00,short,87514.4386,87556.2171,87556.2171,87430.8814,41.7786,-50.0,loss,0,24850.0,0,1,-0.0467,0.0649,0.5494,0.8879,2.0357,2.0494,0.4763,25.0287,0.4505,20,2,0.8259,0.6162
2025-12-27 10:57:00+00:00,2025-12-27 11:06:00+00:00,long,87459.8914,87432.7629,87432.7629,87514.1486,27.1286,-50.0,loss,0,24800.0,1,0,0.0668,-0.0603,0.7447,1.357,0.0083,2.2447,0.3529,75.8819,0.0113,10,5,0.5484,0.5384
2025-12-29 02:39:00+00:00,2025-12-29 02:50:00+00:00,short,88989.5993,89235.8886,89235.8886,88497.0207,246.2893,-50.0,loss,0,24750.0,0,1,-0.1693,0.7358,0.8622,0.3874,2.3149,2.5927,1.0844,51.9868,0.4091,2,0,0.9162,0.2652
2025-12-29 18:27:00+00:00,2025-12-29 18:54:00+00:00,short,87685.6171,87444.1029,87806.3743,87444.1029,120.7571,100.0,win,1,24850.0,0,1,-0.1349,0.0426,0.6249,1.1692,2.5915,2.3146,0.4932,35.2221,-0.8416,18,0,0.8802,0.346
2026-01-01 02:41:00+00:00,2026-01-01 04:07:00+00:00,short,87926.0129,87759.4271,88009.3057,87759.4271,83.2929,100.0,win,1,24950.0,0,1,-0.0189,0.1026,1.4611,0.4302,3.2245,2.9611,0.8972,53.5559,0.0715,2,3,1.1532,0.142
2026-01-01 10:54:00+00:00,2026-01-01 11:00:00+00:00,long,87822.1629,87801.8057,87801.8057,87862.8771,20.3571,-50.0,loss,0,24900.0,1,0,0.0346,0.0768,2.2899,6.7766,5.1569,3.7899,0.8897,68.5906,0.0833,10,3,0.7654,0.7158
2026-01-01 18:10:00+00:00,2026-01-01 19:41:00+00:00,short,88187.8643,88289.1286,88289.1286,87985.3357,101.2643,-50.0,loss,0,24850.0,0,1,-0.0764,0.1262,1.3411,4.6657,5.7291,2.8411,0.2546,36.9863,0.3141,18,3,0.7456,0.6803
2026-01-03 04:33:00+00:00,2026-01-03 04:44:00+00:00,short,90191.85,90005.35,90285.1,90005.35,93.25,100.0,win,1,24950.0,0,0,-0.0243,-0.0093,2.4681,0.7489,1.8596,3.9681,0.7306,42.1148,0.0222,4,5,0.9262,0.1874
2026-01-03 06:28:00+00:00,2026-01-03 06:34:00+00:00,short,89944.1514,89995.6229,89995.6229,89841.2086,51.4714,-50.0,loss,0,24900.0,0,0,-0.1064,-0.1492,0.8878,2.6912,4.0903,2.3924,0.7613,27.0795,-0.1932,6,5,1.0689,0.7204
2026-01-04 20:54:00+00:00,2026-01-04 21:06:00+00:00,short,91261.9329,91311.8257,91311.8257,91162.1471,49.8929,-50.0,loss,0,24850.0,0,1,-0.0083,0.0892,1.0761,0.5536,1.4124,2.5813,0.3068,42.5827,0.0262,20,6,0.8597,0.0087
2026-01-05 02:50:00+00:00,2026-01-05 03:56:00+00:00,long,92975.5514,92840.9229,92840.9229,93244.8086,134.6286,-50.0,loss,0,24800.0,1,1,0.1045,0.569,0.9264,1.8744,1.1012,2.4264,0.6554,58.2093,0.5451,2,0,0.8343,0.5019
2026-01-05 05:42:00+00:00,2026-01-05 05:51:00+00:00,short,92554.7136,92395.5064,92634.3171,92395.5064,79.6036,100.0,win,1,24900.0,0,0,-0.0803,-0.0918,0.6224,1.0456,3.1118,2.4771,0.3892,29.8937,0.0182,5,0,0.8077,0.5251
2026-01-05 16:33:00+00:00,2026-01-05 17:51:00+00:00,short,93696.3129,93958.7057,93958.7057,93171.5271,262.3929,-50.0,loss,0,24850.0,0,1,-0.1174,0.3376,0.7716,1.1711,3.1376,2.4044,0.4193,37.8954,0.8833,16,0,1.0656,0.1373
2026-01-05 19:21:00+00:00,2026-01-05 19:30:00+00:00,short,94260.9757,94414.0114,94414.0114,93954.9043,153.0357,-50.0,loss,0,24800.0,0,1,-0.0859,0.3883,1.1045,0.3506,1.0535,2.6045,0.7466,53.6059,1.2872,19,0,0.8564,0.2028
2026-01-06 16:12:00+00:00,2026-01-06 16:20:00+00:00,long,93490.1236,93200.3771,93200.3771,94069.6164,289.7464,-50.0,loss,0,24750.0,1,0,0.0612,-0.2588,0.696,1.6508,0.7452,2.6397,0.9175,51.0468,-0.2301,16,1,0.9455,0.0455
2026-01-07 20:20:00+00:00,2026-01-07 20:39:00+00:00,short,90947.8636,91108.1171,91108.1171,90627.3564,160.2536,-50.0,loss,0,24700.0,0,1,-0.1153,-0.2326,0.9738,1.9272,3.9907,2.733,0.565,22.4499,-0.9287,20,2,1.028,0.7011
2026-01-08 20:45:00+00:00,2026-01-08 21:04:00+00:00,long,90773.9543,91014.5257,90653.6686,91014.5257,120.2857,100.0,win,1,24800.0,1,0,0.1138,-0.0817,0.8356,4.5105,2.6138,2.3376,1.1689,71.7413,0.4171,20,3,0.7758,0.5835
2026-01-10 16:30:00+00:00,2026-01-10 16:37:00+00:00,short,90597.1286,90620.5571,90620.5571,90550.2714,23.4286,-50.0,loss,0,24750.0,0,1,-0.0105,-0.0207,1.3276,1.3276,5.0328,2.8276,2.6003,56.2809,-0.0305,16,5,0.7385,0.7944
2026-01-12 02:12:00+00:00,2026-01-12 02:15:00+00:00,long,91539.3693,91881.8907,91368.1086,91881.8907,171.2607,100.0,win,1,24850.0,1,1,0.0571,0.4745,1.6517,3.6883,3.1709,3.1536,1.057,80.4255,0.3426,2,0,0.7751,0.3232
2026-01-12 03:35:00+00:00,2026-01-12 03:58:00+00:00,short,92134.4864,91757.6936,92322.8829,91757.6936,188.3964,100.0,win,1,24950.0,0,1,-0.2833,0.4829,0.7598,1.5026,3.4867,2.451,0.7884,22.8567,0.4958,3,0,1.0495,0.5249
2026-01-12 19:45:00+00:00,2026-01-12 19:53:00+00:00,short,91688.1229,91828.8657,91828.8657,91406.6371,140.7429,-50.0,loss,0,24900.0,0,1,-0.1511,0.071,1.8481,1.8048,2.6715,3.5878,2.4478,32.6349,0.3573,19,0,0.6871,0.1714
2026-01-12 22:23:00+00:00,2026-01-12 22:29:00+00:00,long,91321.0986,91224.9771,91224.9771,91513.3414,96.1214,-50.0,loss,0,24850.0,1,0,0.0181,-0.092,0.6839,3.0672,2.0062,2.1839,1.0312,56.8315,-0.0386,22,0,0.8592,0.563
2026-01-13 20:35:00+00:00,2026-01-13 20:58:00+00:00,short,94218.2979,94415.3657,94415.3657,93824.1621,197.0679,-50.0,loss,0,24800.0,0,1,-0.1503,0.4683,0.6565,0.384,1.3233,2.2657,0.7504,36.5806,1.6944,20,1,1.156,0.2988
2026-01-14 00:48:00+00:00,2026-01-14 00:53:00+00:00,short,95183.4136,95311.2171,95311.2171,94927.8064,127.8036,-50.0,loss,0,24750.0,0,0,-0.0328,0.0585,0.5243,3.6208,4.7643,2.0243,2.2282,39.7007,-0.2393,0,2,0.8412,0.4802
2026-01-15 02:03:00+00:00,2026-01-15 02:35:00+00:00,long,96438.0179,96311.0857,96311.0857,96691.8821,126.9321,-50.0,loss,0,24700.0,1,0,0.0523,-0.2928,0.8584,1.4827,0.0687,2.3584,0.9421,55.2655,-0.1276,2,3,0.8508,0.1078
2026-01-16 08:55:00+00:00,2026-01-16 10:06:00+00:00,short,95684.6671,95471.2529,95791.3743,95471.2529,106.7071,100.0,win,1,24800.0,0,1,-0.02,0.0818,0.9434,0.6434,1.2709,2.4434,0.5612,48.6546,0.1857,8,4,1.2894,0.026
2026-01-16 16:28:00+00:00,2026-01-16 16:32:00+00:00,long,94890.5657,94714.0514,94714.0514,95243.5943,176.5143,-50.0,loss,0,24750.0,1,0,0.0192,-0.1406,0.6179,3.3884,1.7146,2.1179,0.2086,61.4265,-0.2798,16,4,0.674,0.3456
2026-01-17 03:22:00+00:00,2026-01-17 03:29:00+00:00,short,95260.3807,95296.6914,95296.6914,95187.7593,36.3107,-50.0,loss,0,24700.0,0,0,-0.0193,-0.0738,1.2584,1.0826,2.5724,3.3599,1.1047,46.1034,-0.0932,3,5,0.6696,0.5295
2026-01-17 18:01:00+00:00,2026-01-17 18:08:00+00:00,short,95305.8679,95370.1857,95370.1857,95177.2321,64.3179,-50.0,loss,0,24650.0,0,0,-0.0152,-0.0481,1.3111,0.686,2.4595,3.2684,0.7584,37.5129,0.0062,18,5,0.9289,0.454
2026-01-17 18:50:00+00:00,2026-01-17 18:57:00+00:00,short,95365.6607,95391.5714,95391.5714,95313.8393,25.9107,-50.0,loss,0,24600.0,0,1,-0.0356,-0.0015,0.7323,2.1452,3.0671,2.2323,0.4084,40.2778,0.0674,18,5,0.8434,0.6932
2026-01-18 10:46:00+00:00,2026-01-18 11:01:00+00:00,long,95145.9843,95101.4486,95101.4486,95235.0557,44.5357,-50.0,loss,0,24550.0,1,0,0.0512,0.0332,1.2502,5.069,4.0416,2.7564,0.9235,59.5459,0.0888,10,6,0.8927,0.6375
2026-01-18 19:21:00+00:00,2026-01-18 19:24:00+00:00,short,95362.7743,95416.3886,95416.3886,95255.5457,53.6143,-50.0,loss,0,24500.0,0,1,-0.0475,0.1378,0.7118,0.4717,1.5542,2.2581,0.5598,42.4267,0.2802,19,6,0.6225,0.5997
2026-01-21 06:05:00+00:00,2026-01-21 06:14:00+00:00,short,89764.6307,89865.7914,89865.7914,89562.3093,101.1607,-50.0,loss,0,24450.0,0,1,-0.2425,0.3195,1.0073,1.7863,3.8852,2.5097,0.3663,23.8753,0.6107,6,2,0.8922,0.8129
2026-01-21 10:34:00+00:00,2026-01-21 10:35:00+00:00,long,89292.7721,89217.9543,89217.9543,89442.4079,74.8179,-50.0,loss,0,24400.0,1,1,0.0053,-0.0025,0.8888,1.8639,0.6714,2.392,0.3056,43.9866,0.0353,10,2,0.7231,0.0735
2026-01-21 18:07:00+00:00,2026-01-21 18:13:00+00:00,short,87695.2836,87985.5371,87985.5371,87114.7764,290.2536,-50.0,loss,0,24350.0,0,0,-0.2106,-0.9653,0.9961,0.0671,1.6202,2.5954,0.4536,39.5467,-1.4826,18,2,0.7068,0.338
2026-01-23 02:08:00+00:00,2026-01-23 02:14:00+00:00,short,89759.8307,89862.2914,89862.2914,89554.9093,102.4607,-50.0,loss,0,24300.0,0,1,-0.1175,0.1862,0.7126,0.5787,1.4598,2.2126,0.7986,39.4267,0.1057,2,4,1.131,0.173
2026-01-23 16:27:00+00:00,2026-01-23 16:35:00+00:00,short,89573.7564,89820.5029,89820.5029,89080.2636,246.7464,-50.0,loss,0,24250.0,0,1,-0.1747,0.2946,1.1917,0.2268,1.6135,3.0252,0.314,35.8945,0.2798,16,4,0.7718,0.3574
2026-01-25 19:09:00+00:00,2026-01-25 19:17:00+00:00,long,87290.2186,87131.9971,87131.9971,87606.6614,158.2214,-50.0,loss,0,24200.0,1,0,0.0335,-0.544,0.6422,1.2504,0.023,2.1435,0.326,48.2408,-0.9703,19,6,0.6361,0.1065
2026-01-26 04:24:00+00:00,2026-01-26 08:23:00+00:00,long,87734.1614,88219.5186,87491.4829,88219.5186,242.6786,100.0,win,1,24300.0,1,0,0.2343,0.4486,2.6274,9.278,7.8735,4.1565,2.7141,80.5785,0.5313,4,0,1.2645,0.9299
2026-01-26 14:30:00+00:00,2026-01-26 14:34:00+00:00,short,87550.8857,87751.3714,87751.3714,87149.9143,200.4857,-50.0,loss,0,24250.0,0,0,-0.0492,-0.3086,1.4987,5.3412,6.4226,2.9987,5.8225,35.1323,-0.0478,14,0,1.2649,0.2171
2026-01-28 10:40:00+00:00,2026-01-28 11:06:00+00:00,long,89460.4029,89318.1457,89318.1457,89744.9171,142.2571,-50.0,loss,0,24200.0,1,1,0.1074,0.285,1.1007,1.5521,0.3491,3.1633,0.4293,66.7505,0.3256,10,2,0.7224,0.1769
2026-01-30 06:05:00+00:00,2026-01-30 06:26:00+00:00,short,82806.0771,82507.1629,82955.5343,82507.1629,149.4571,100.0,win,1,24300.0,0,0,-0.1044,-0.1169,0.9051,1.5827,3.577,2.5005,0.9992,34.0897,0.4322,6,4,1.0564,0.671
2026-02-01 07:39:00+00:00,2026-02-01 07:41:00+00:00,long,78339.8979,78678.1621,78170.7657,78678.1621,169.1321,100.0,win,1,24400.0,1,0,0.2173,-0.1834,0.7136,3.0205,1.5795,2.6012,0.8427,73.1609,-0.3704,7,6,0.7663,0.6401
2026-02-01 17:57:00+00:00,2026-02-01 18:02:00+00:00,long,77604.0329,78010.0471,77401.0257,78010.0471,203.0071,100.0,win,1,24500.0,1,1,0.144,0.0385,0.6622,3.5629,1.7668,2.5804,0.3404,64.4979,-0.6638,17,6,0.857,0.4425
2026-02-02 00:52:00+00:00,2026-02-02 01:10:00+00:00,short,77758.6043,77159.6757,78058.0686,77159.6757,299.4643,100.0,win,1,24600.0,0,1,-0.2235,0.575,0.8947,0.0383,1.6669,2.4946,0.555,34.8784,0.2132,0,0,0.6771,0.3372
2026-02-02 02:07:00+00:00,2026-02-02 02:57:00+00:00,short,77228.5186,76444.7614,77620.3971,76444.7614,391.8786,100.0,win,1,24700.0,0,0,-0.3015,-0.2387,1.7259,2.4873,3.9762,3.4021,0.9113,31.1361,-0.3372,2,0,0.7129,0.4206
2026-02-02 10:17:00+00:00,2026-02-02 10:32:00+00:00,short,77575.2293,77771.9686,77771.9686,77181.7507,196.7393,-50.0,loss,0,24650.0,0,1,-0.2261,0.7791,0.5646,0.8269,1.8952,2.0646,0.8474,39.7159,1.7211,10,0,0.8136,0.2509
2026-02-02 17:17:00+00:00,2026-02-02 18:10:00+00:00,long,78931.9736,78672.4771,78672.4771,79450.9664,259.4964,-50.0,loss,0,24600.0,1,1,0.178,0.4644,0.5431,1.5416,0.157,2.3969,0.8413,54.6472,2.5028,17,0,0.9326,0.3275
2026-02-04 19:21:00+00:00,2026-02-04 19:46:00+00:00,short,73310.9393,73717.4286,73717.4286,72497.9607,406.4893,-50.0,loss,0,24550.0,0,1,-0.3488,-0.2943,1.4372,0.349,1.9972,2.9372,2.0998,38.395,-1.7125,19,2,0.8103,0.1279
2026-02-04 23:58:00+00:00,2026-02-05 00:12:00+00:00,short,73122.3443,72792.4157,73287.3086,72792.4157,164.9643,100.0,win,1,24650.0,0,1,-0.4121,0.0178,0.6096,0.7954,2.98,2.158,1.4751,31.8876,-1.5409,23,2,0.6343,0.5896
2026-02-08 12:19:00+00:00,2026-02-08 12:47:00+00:00,short,70806.1279,71037.9457,71037.9457,70342.4921,231.8179,-50.0,loss,0,24600.0,0,1,-0.1053,0.4711,1.5662,0.3487,1.6533,3.2073,0.6113,37.0615,1.1102,12,6,0.7285,0.2724
2026-02-09 06:02:00+00:00,2026-02-09 06:26:00+00:00,short,70758.1214,70307.8786,70983.2429,70307.8786,225.1214,100.0,win,1,24700.0,0,0,-0.2126,-0.1921,1.3795,0.5491,3.4829,3.0748,0.8842,44.7353,0.0707,6,0,1.2655,0.2083
2026-02-10 07:23:00+00:00,2026-02-10 07:37:00+00:00,long,69096.0129,68875.4057,68875.4057,69537.2271,220.6071,-50.0,loss,0,24650.0,1,0,0.0655,-0.3218,1.3278,1.9532,0.6909,2.833,2.3537,58.4693,-0.6576,7,1,0.8801,0.1659
2026-02-10 09:34:00+00:00,2026-02-10 11:00:00+00:00,short,69132.2386,68857.0814,69269.8171,68857.0814,137.5786,100.0,win,1,24750.0,0,1,-0.2314,-0.0306,0.8957,1.9778,2.5599,2.3974,0.4356,35.6387,-0.4932,9,1,0.9298,0.4158
2026-02-10 16:01:00+00:00,2026-02-10 16:14:00+00:00,short,69119.2843,69499.6486,69499.6486,68358.5557,380.3643,-50.0,loss,0,24700.0,0,1,-0.2869,0.2722,1.1816,0.2982,1.8739,2.6816,0.3891,45.5488,0.0307,16,1,0.8795,0.182
2026-02-10 18:15:00+00:00,2026-02-10 18:22:00+00:00,short,69504.2914,69184.7486,69664.0629,69184.7486,159.7714,100.0,win,1,24800.0,0,1,-0.1748,0.13,0.5773,2.1478,3.3596,2.0773,0.4352,24.0994,0.5141,18,1,0.8154,0.5215
2026-02-11 08:07:00+00:00,2026-02-11 10:53:00+00:00,short,66912.1314,66399.9886,67168.2029,66399.9886,256.0714,100.0,win,1,24900.0,0,1,-0.2715,-0.4723,2.729,1.2849,2.3858,4.2456,1.6928,22.7983,-1.1539,8,2,0.8346,0.3448
2026-02-14 09:23:00+00:00,2026-02-14 11:04:00+00:00,short,69605.925,69739.2,69739.2,69339.375,133.275,-50.0,loss,0,24850.0,0,1,-0.1365,0.402,1.1005,1.4244,2.9424,2.6005,0.3718,31.7539,0.525,9,5,0.8975,0.3995
2026-02-14 21:33:00+00:00,2026-02-14 21:38:00+00:00,short,69927.2743,69720.8457,70030.4886,69720.8457,103.2143,100.0,win,1,24950.0,0,1,-0.178,0.0513,0.8596,0.8939,1.9226,2.3596,0.8277,13.8356,0.4033,21,5,0.9411,0.8405
2026-02-16 14:15:00+00:00,2026-02-16 15:30:00+00:00,long,68433.4343,68194.2486,68194.2486,68911.8057,239.1857,-50.0,loss,0,24900.0,1,0,0.1696,-0.5716,0.6001,2.1896,0.5404,2.3762,0.7378,59.4113,-0.5761,14,0,0.7188,0.2473
2026-02-16 21:45:00+00:00,2026-02-16 21:57:00+00:00,short,68449.2364,68601.1829,68601.1829,68145.3436,151.9464,-50.0,loss,0,24850.0,0,1,-0.0626,0.3529,1.4017,0.0764,1.3482,2.9017,0.7116,38.7626,0.0352,21,0,0.9063,0.0823
2026-02-17 20:39:00+00:00,2026-02-17 23:01:00+00:00,long,67692.2864,67442.9829,67442.9829,68190.8936,249.3036,-50.0,loss,0,24800.0,1,0,0.1543,0.0365,1.7584,0.7329,0.0465,3.4088,1.0608,52.1538,-0.0478,20,1,1.0258,0.1549
2026-02-18 22:11:00+00:00,2026-02-18 22:32:00+00:00,short,66228.355,66407.48,66407.48,65870.105,179.125,-50.0,loss,0,24750.0,0,1,-0.1251,-0.2644,2.6131,1.9219,3.0907,4.1131,1.064,36.377,-1.4369,22,2,0.9535,0.1451
2026-02-18 23:22:00+00:00,2026-02-18 23:33:00+00:00,short,66284.8807,66393.9914,66393.9914,66066.6593,109.1107,-50.0,loss,0,24700.0,0,1,-0.0119,-0.1297,1.5472,1.5835,3.4881,3.0472,0.7511,52.2261,-1.332,23,2,0.9039,0.033
2026-02-18 23:47:00+00:00,2026-02-19 00:25:00+00:00,long,66441.7571,66345.4143,66345.4143,66634.4429,96.3429,-50.0,loss,0,24650.0,1,1,0.0671,0.1184,0.9443,2.9455,1.7404,2.6447,0.676,59.6117,-1.0807,23,2,0.9501,0.5228
2026-02-19 12:53:00+00:00,2026-02-19 13:05:00+00:00,short,66483.6979,66251.1621,66599.9657,66251.1621,116.2679,100.0,win,1,24750.0,0,0,-0.1321,-0.3383,1.6117,1.893,3.4047,3.1442,0.3851,31.0905,-0.4852,12,3,0.692,0.5124
2026-02-20 16:40:00+00:00,2026-02-20 16:49:00+00:00,short,67393.9879,67685.3057,67685.3057,66811.3521,291.3179,-50.0,loss,0,24700.0,0,1,-0.0715,0.0895,0.9084,0.9301,3.1006,2.4301,0.7096,29.2797,0.0272,16,4,1.076,0.2354
2026-02-21 09:58:00+00:00,2026-02-21 10:00:00+00:00,short,68122.3707,68166.4314,68166.4314,68034.2493,44.0607,-50.0,loss,0,24650.0,0,1,-0.0751,0.2054,0.8499,2.4322,3.218,2.3553,0.2925,33.6996,0.3184,9,5,0.5101,0.7185
2026-02-21 14:59:00+00:00,2026-02-21 15:18:00+00:00,short,68420.3871,68518.5943,68518.5943,68223.9729,98.2071,-50.0,loss,0,24600.0,0,1,-0.1254,0.2572,0.7884,0.9657,2.2066,2.2907,0.7664,39.2265,0.5182,14,5,0.79,0.3718
2026-02-21 23:22:00+00:00,2026-02-21 23:48:00+00:00,long,68024.4007,67959.2114,67959.2114,68154.7793,65.1893,-50.0,loss,0,24550.0,1,0,0.155,-0.2847,0.6702,1.2503,0.3768,2.1735,0.3831,62.9972,-0.237,23,5,0.6478,0.4063
2026-02-22 16:52:00+00:00,2026-02-22 17:08:00+00:00,long,67576.2879,67521.5057,67521.5057,67685.8521,54.7821,-50.0,loss,0,24500.0,1,1,0.0664,-0.0545,0.9764,2.4908,0.3074,2.4764,0.3906,78.2789,-0.325,16,6,0.849,0.5264
2026-02-23 06:20:00+00:00,2026-02-23 06:37:00+00:00,long,65315.9371,65590.8229,65178.4943,65590.8229,137.4429,100.0,win,1,24600.0,1,1,0.0738,0.4072,0.7604,5.4446,4.4286,2.267,0.3073,72.2717,-0.0286,6,0,1.2991,0.6613
2026-02-25 06:08:00+00:00,2026-02-25 06:55:00+00:00,long,64943.6393,64853.1286,64853.1286,65124.6607,90.5107,-50.0,loss,0,24550.0,1,0,0.1166,-0.4751,0.5268,2.4951,1.6051,2.0291,0.5053,57.7962,-0.8287,6,2,0.7074,0.5219
2026-02-26 05:46:00+00:00,2026-02-26 06:29:00+00:00,long,68383.5957,68235.9314,68235.9314,68678.9243,147.6643,-50.0,loss,0,24500.0,1,0,0.0423,0.0501,0.6654,1.4434,0.1679,3.1389,0.3839,54.5863,0.1698,5,3,0.7674,0.3897
2026-02-26 20:28:00+00:00,2026-02-26 20:37:00+00:00,short,67575.5707,67325.2493,67700.7314,67325.2493,125.1607,100.0,win,1,24600.0,0,1,-0.2039,0.2729,0.5661,0.1957,2.2925,2.2071,0.4746,39.7073,-0.155,20,3,0.8558,0.4529
2026-02-28 12:51:00+00:00,2026-02-28 12:57:00+00:00,short,63865.5443,63985.6086,63985.6086,63625.4157,120.0643,-50.0,loss,0,24550.0,0,0,-0.1903,-0.1152,1.544,1.3032,3.7218,3.044,2.0206,28.3147,-0.4735,12,5,0.8618,0.4559
2026-02-28 21:33:00+00:00,2026-02-28 21:38:00+00:00,long,66474.5857,66893.8143,66264.9714,66893.8143,209.6143,100.0,win,1,24650.0,1,0,0.1826,0.4345,1.8197,0.9613,0.0143,3.3197,0.6153,61.2858,2.6361,21,5,0.6655,0.0601
2026-03-01 20:58:00+00:00,2026-03-01 22:04:00+00:00,long,65342.7864,65729.1936,65149.5829,65729.1936,193.2036,100.0,win,1,24750.0,1,0,0.2491,-0.732,1.4508,1.5245,0.4161,2.9662,0.7037,61.1905,-2.0441,20,6,0.7076,0.4559
2026-03-02 09:35:00+00:00,2026-03-02 11:08:00+00:00,short,66402.6636,66029.3564,66589.3171,66029.3564,186.6536,100.0,win,1,24850.0,0,1,-0.2002,0.3358,0.5594,0.0684,1.0349,2.0594,0.1623,36.8286,0.1115,9,0,1.1317,0.0739
2026-03-05 09:54:00+00:00,2026-03-05 10:06:00+00:00,short,72484.825,72645.8,72645.8,72162.875,160.975,-50.0,loss,0,24800.0,0,1,-0.0493,0.1645,0.8535,0.2112,1.5138,2.3937,0.3981,48.1961,0.0344,9,3,0.8018,0.2889
2026-03-05 11:15:00+00:00,2026-03-05 11:39:00+00:00,short,73129.045,72810.895,73288.12,72810.895,159.075,100.0,win,1,24900.0,0,1,-0.0561,0.4948,0.5284,1.0334,2.0889,2.0808,0.3903,31.5267,0.7405,11,3,0.7205,0.4785
2026-03-07 17:48:00+00:00,2026-03-07 17:57:00+00:00,short,67836.4779,67776.5421,67866.4457,67776.5421,29.9679,100.0,win,1,25000.0,0,1,-0.0296,-0.0025,0.675,0.0145,1.1249,2.175,0.4508,47.9409,-0.1389,17,5,0.5913,0.2171
2026-03-07 23:49:00+00:00,2026-03-08 00:01:00+00:00,short,67223.0907,67300.1514,67300.1514,67068.9693,77.0607,-50.0,loss,0,24950.0,0,0,-0.1181,-0.1455,1.1734,2.5862,4.5045,2.9745,0.8345,21.0879,-0.7472,23,5,0.7776,0.5639
2026-03-08 01:25:00+00:00,2026-03-08 01:30:00+00:00,long,67250.5307,67163.5914,67163.5914,67424.4093,86.9393,-50.0,loss,0,24900.0,1,0,0.0124,-0.0374,1.3293,2.0168,0.8373,2.8326,0.1836,58.8657,-0.0174,1,6,0.8991,0.2613
2026-03-08 07:02:00+00:00,2026-03-08 07:05:00+00:00,long,67141.005,67255.655,67083.68,67255.655,57.325,100.0,win,1,25000.0,1,1,0.0156,0.1183,0.6271,2.5269,1.5139,2.1271,0.3064,58.1102,0.2316,7,6,0.9324,0.3592
2026-03-08 20:00:00+00:00,2026-03-08 20:37:00+00:00,short,67217.4314,67371.7029,67371.7029,66908.8886,154.2714,-50.0,loss,0,24950.0,0,1,-0.2026,0.2191,1.831,0.9284,1.6669,3.331,0.8375,33.9551,-0.0101,20,6,0.8015,0.3545
2026-03-08 21:43:00+00:00,2026-03-08 22:00:00+00:00,long,66981.7921,66856.4743,66856.4743,67232.4279,125.3179,-50.0,loss,0,24900.0,1,0,0.1303,-0.1107,0.9465,1.6514,0.609,2.5024,0.5287,59.2127,-0.3238,21,6,0.9057,0.4014
2026-03-09 15:04:00+00:00,2026-03-09 16:34:00+00:00,short,69105.7621,68600.2979,69358.4943,68600.2979,252.7321,100.0,win,1,25000.0,0,1,-0.1881,0.652,0.939,0.7971,1.9745,2.439,0.35,42.9507,1.9729,15,0,0.8461,0.3058
2026-03-10 01:37:00+00:00,2026-03-10 01:50:00+00:00,short,68890.7564,69073.9029,69073.9029,68524.4636,183.1464,-50.0,loss,0,24950.0,0,1,-0.0072,0.0747,1.3813,2.6808,3.9598,2.8813,0.6979,45.6325,-0.0459,1,1,1.068,0.0708
2026-03-10 03:18:00+00:00,2026-03-10 03:44:00+00:00,short,70135.9936,69832.9864,70287.4971,69832.9864,151.5036,100.0,win,1,25050.0,0,1,-0.0414,1.0145,0.8696,0.341,2.6808,2.3696,0.2727,60.9655,0.6582,3,1,0.5563,0.5051
2026-03-11 06:10:00+00:00,2026-03-11 06:51:00+00:00,long,69630.8721,69955.1079,69468.7543,69955.1079,162.1179,100.0,win,1,25150.0,1,0,0.2551,-0.1711,1.541,1.3758,0.5143,3.0428,1.2595,61.5927,-0.2182,6,2,0.9795,0.4601
2026-03-12 15:57:00+00:00,2026-03-12 16:21:00+00:00,short,70247.0793,70512.9686,70512.9686,69715.3007,265.8893,-50.0,loss,0,25100.0,0,1,-0.3001,0.2746,0.7065,0.1254,1.2344,2.3163,0.1832,44.5185,0.4737,15,3,0.9566,0.1824
2026-03-12 20:26:00+00:00,2026-03-12 21:13:00+00:00,short,70303.2036,70420.9571,70420.9571,70067.6964,117.7536,-50.0,loss,0,25050.0,0,1,-0.035,0.1545,0.9873,0.4282,1.9055,2.8013,0.299,45.3348,0.4676,20,3,0.765,0.4009
2026-03-13 16:52:00+00:00,2026-03-13 17:25:00+00:00,long,71962.4586,71771.1371,71771.1371,72345.1014,191.3214,-50.0,loss,0,25000.0,1,0,0.1656,-0.3427,0.7206,3.3604,1.907,2.6061,0.833,77.9498,-0.2305,16,4,0.6391,0.8252
2026-03-16 09:15:00+00:00,2026-03-16 10:03:00+00:00,long,73161.5979,73430.2621,73027.2657,73430.2621,134.3321,100.0,win,1,25100.0,1,0,0.1242,-0.3515,1.2973,1.6659,0.5081,2.7973,1.0014,53.7213,-0.39,9,0,0.6353,0.3851
2026-03-16 16:31:00+00:00,2026-03-16 17:41:00+00:00,long,73426.2221,73928.7579,73174.9543,73928.7579,251.2679,100.0,win,1,25200.0,1,0,0.0607,-0.1664,1.2939,2.1142,1.0785,3.7072,1.7021,55.8598,-0.1462,16,0,0.7982,0.2295
2026-03-17 06:31:00+00:00,2026-03-17 06:33:00+00:00,long,74213.8479,74062.9657,74062.9657,74515.6121,150.8821,-50.0,loss,0,25150.0,1,1,0.0543,-0.1481,1.1757,6.5057,4.4038,2.7674,0.5333,65.5213,-0.8945,6,1,0.7584,0.4653
2026-03-17 07:49:00+00:00,2026-03-17 08:03:00+00:00,short,74298.8371,74425.6943,74425.6943,74045.1229,126.8571,-50.0,loss,0,25100.0,0,1,-0.0687,0.0243,1.4249,0.0807,1.3534,2.9249,0.3653,48.8325,-0.7199,7,1,0.9651,0.1701
2026-03-18 08:37:00+00:00,2026-03-18 08:39:00+00:00,short,73954.4429,74069.8857,74069.8857,73723.5571,115.4429,-50.0,loss,0,25050.0,0,1,-0.0962,-0.0302,0.817,0.709,1.8682,2.5984,0.5008,41.9881,-0.1484,8,2,1.1087,0.0777
2026-03-19 04:46:00+00:00,2026-03-19 05:28:00+00:00,long,70753.9793,70659.4686,70659.4686,70943.0007,94.5107,-50.0,loss,0,25000.0,1,0,0.1201,-0.3899,0.7392,2.1181,0.2274,2.2392,0.4119,54.6277,-0.4202,4,3,0.756,0.2201
2026-03-20 02:54:00+00:00,2026-03-20 04:07:00+00:00,long,70472.6771,70839.9629,70289.0343,70839.9629,183.6429,100.0,win,1,25100.0,1,0,0.3557,0.3306,2.1104,5.8234,4.5253,3.6561,3.7929,87.6044,0.3205,2,4,1.1074,0.9541
2026-03-20 18:35:00+00:00,2026-03-20 18:46:00+00:00,short,69613.3971,69810.3543,69810.3543,69219.4829,196.9571,-50.0,loss,0,25050.0,0,0,-0.1665,-0.3071,0.6479,3.2317,4.4946,2.2389,0.4815,30.2893,-0.937,18,4,1.1968,0.6006
2026-03-21 21:48:00+00:00,2026-03-21 21:52:00+00:00,long,70327.1829,70272.5257,70272.5257,70436.4971,54.6571,-50.0,loss,0,25000.0,1,0,0.0359,-0.0635,1.683,0.9842,0.1398,3.183,0.4582,53.6842,-0.3628,21,5,0.9627,0.0178
2026-03-22 10:15:00+00:00,2026-03-22 11:25:00+00:00,short,68665.4821,68475.2179,68760.6143,68475.2179,95.1321,100.0,win,1,25100.0,0,1,-0.0793,-0.246,1.232,0.2297,4.2187,2.732,0.9885,35.9053,-0.3768,10,6,0.8885,0.4112
2026-03-22 21:59:00+00:00,2026-03-22 22:00:00+00:00,long,67844.3836,67696.5371,67696.5371,68140.0764,147.8464,-50.0,loss,0,25050.0,1,0,0.0027,-0.3752,1.1022,2.9367,0.4749,2.6801,1.0732,54.6718,-1.0802,21,6,0.6195,0.0075
2026-03-23 05:42:00+00:00,2026-03-23 05:55:00+00:00,short,68617.5271,68752.8343,68752.8343,68346.9129,135.3071,-50.0,loss,0,25000.0,0,1,-0.102,0.3881,0.5181,1.2463,3.1585,2.1052,0.3645,45.8653,0.7291,5,0,1.0745,0.1707
2026-03-23 14:48:00+00:00,2026-03-23 15:01:00+00:00,short,71192.8071,71514.2143,71514.2143,70549.9929,321.4071,-50.0,loss,0,24950.0,0,1,-0.1485,0.6101,1.0096,0.8948,1.7154,2.5096,0.815,48.9696,1.9146,14,0,1.003,0.0982
2026-03-24 23:54:00+00:00,2026-03-25 00:08:00+00:00,short,70553.8214,70653.5429,70653.5429,70354.3786,99.7214,-50.0,loss,0,24900.0,0,1,-0.1838,0.3795,0.6121,0.1673,1.7135,2.1121,0.3717,30.3361,0.5225,23,1,0.8487,0.652
2026-03-25 07:38:00+00:00,2026-03-25 07:44:00+00:00,long,71185.6993,71098.7886,71098.7886,71359.5207,86.9107,-50.0,loss,0,24850.0,1,0,0.1234,0.2387,1.2154,1.6434,0.3968,2.7154,2.3993,77.1969,0.4202,7,2,0.9561,0.5558
2026-03-26 15:44:00+00:00,2026-03-26 16:32:00+00:00,long,68952.7421,68798.2743,68798.2743,69261.6779,154.4679,-50.0,loss,0,24800.0,1,0,0.1123,-0.528,0.9012,1.2835,0.1132,2.4296,0.6248,46.8247,-1.2165,15,3,0.7047,0.1842
2026-03-26 18:46:00+00:00,2026-03-26 19:22:00+00:00,long,68322.6021,68503.5379,68232.1343,68503.5379,90.4679,100.0,win,1,24900.0,1,0,0.1705,-0.6166,0.7004,1.9766,0.7492,2.2077,2.628,86.8902,-1.8327,18,3,0.4989,0.4409
2026-03-27 11:43:00+00:00,2026-03-27 12:04:00+00:00,long,66734.8379,66606.2057,66606.2057,66992.1021,128.6321,-50.0,loss,0,24850.0,1,0,0.0398,-0.8766,0.8081,3.6113,1.6243,2.5923,1.1671,57.2909,-1.6135,11,4,0.5683,0.1575
2026-03-29 01:32:00+00:00,2026-03-29 01:39:00+00:00,short,66480.0543,66355.4257,66542.3686,66355.4257,62.3143,100.0,win,1,24950.0,0,1,-0.1107,-0.0493,0.6329,0.4822,1.9817,2.3477,0.3367,34.0251,0.061,1,6,0.8248,0.2977
2026-03-30 12:41:00+00:00,2026-03-30 12:46:00+00:00,short,67799.8679,67902.1857,67902.1857,67595.2321,102.3179,-50.0,loss,0,24900.0,0,1,-0.1603,0.2526,0.6766,1.0749,3.1455,2.4549,0.3493,41.3967,0.9476,12,0,0.917,0.244
2026-03-31 06:08:00+00:00,2026-03-31 06:27:00+00:00,short,67533.43,67314.93,67642.68,67314.93,109.25,100.0,win,1,25000.0,0,1,-0.1685,-0.1173,0.714,1.856,3.0142,2.216,0.9109,30.9894,-0.1507,6,1,1.0299,0.4438
2026-03-31 06:47:00+00:00,2026-03-31 07:08:00+00:00,long,67446.4114,67353.4829,67353.4829,67632.2686,92.9286,-50.0,loss,0,24950.0,1,0,0.1551,-0.1365,0.5992,1.7513,0.3317,2.3898,0.3276,65.3329,-0.2491,6,1,0.8445,0.3107
2026-03-31 16:23:00+00:00,2026-03-31 16:39:00+00:00,long,67006.1043,67362.1757,66828.0686,67362.1757,178.0357,100.0,win,1,25050.0,1,0,0.1366,0.08,0.7619,3.4435,2.1942,2.5449,0.6891,55.7245,-0.0987,16,1,0.8663,0.3833
2026-04-01 00:46:00+00:00,2026-04-01 00:50:00+00:00,long,68036.8979,68207.1621,67951.7657,68207.1621,85.1321,100.0,win,1,25150.0,1,0,0.2075,-0.0604,0.7391,1.5149,0.0579,2.2391,0.6323,81.9756,0.036,0,2,0.7085,0.3726
2026-04-01 07:41:00+00:00,2026-04-01 08:10:00+00:00,short,68838.9164,68540.4236,68988.1629,68540.4236,149.2464,100.0,win,1,25250.0,0,1,-0.0024,0.2272,1.0659,0.4642,1.8413,2.5659,1.2828,40.0248,0.5913,7,2,0.9869,0.1745
2026-04-01 16:14:00+00:00,2026-04-01 16:23:00+00:00,short,68646.1643,68774.7286,68774.7286,68389.0357,128.5643,-50.0,loss,0,25200.0,0,1,-0.1995,0.1243,0.6184,0.7107,2.2031,2.12,0.5907,29.1667,0.2747,16,2,0.8979,0.4406
2026-04-01 18:38:00+00:00,2026-04-01 18:55:00+00:00,long,68083.1464,67971.4429,67971.4429,68306.5536,111.7036,-50.0,loss,0,25150.0,1,0,0.0489,-0.4714,0.5483,1.6521,0.2347,2.0483,0.4232,63.8488,-0.5405,18,2,0.8549,0.2344
2026-04-01 22:38:00+00:00,2026-04-01 22:51:00+00:00,long,68173.5907,68046.4514,68046.4514,68427.8693,127.1393,-50.0,loss,0,25100.0,1,0,0.0663,-0.0571,0.9146,1.599,0.4563,2.5898,0.4663,44.9614,-0.3715,22,2,0.9445,0.15
2026-04-02 08:18:00+00:00,2026-04-02 08:42:00+00:00,short,66658.1521,66486.9879,66743.7343,66486.9879,85.5821,100.0,win,1,25200.0,0,1,-0.1125,-0.0357,0.8671,0.884,1.9538,2.4093,0.3584,30.3768,-0.7259,8,3,0.9618,0.7222
2026-04-02 18:20:00+00:00,2026-04-02 18:26:00+00:00,long,66781.0014,66651.0229,66651.0229,67040.9586,129.9786,-50.0,loss,0,25150.0,1,0,0.245,-0.0535,0.6668,2.6123,1.1936,2.1668,0.9062,59.8232,-0.0406,18,3,0.9974,0.3292
2026-04-05 23:49:00+00:00,2026-04-06 00:00:00+00:00,short,68919.9107,69097.6714,69097.6714,68564.3893,177.7607,-50.0,loss,0,25100.0,0,1,-0.2165,1.2831,1.3622,0.8711,1.9209,2.8622,0.693,40.028,2.0897,23,6,0.6877,0.0444
2026-04-06 11:45:00+00:00,2026-04-06 11:55:00+00:00,long,69636.6393,69563.9286,69563.9286,69782.0607,72.7107,-50.0,loss,0,25050.0,1,0,0.0509,0.0757,0.7299,1.4107,0.3036,2.2299,0.839,63.0077,0.3893,11,0,0.8687,0.0695
2026-04-08 13:51:00+00:00,2026-04-08 14:56:00+00:00,short,71672.9429,70775.8571,72121.4857,70775.8571,448.5429,100.0,win,1,25150.0,0,0,-0.0232,-0.3181,1.9918,5.0059,7.1736,3.4925,0.9518,33.2566,-0.2754,13,2,1.0369,0.3265
2026-04-08 21:51:00+00:00,2026-04-08 22:18:00+00:00,short,71540.6679,71320.8321,71650.5857,71320.8321,109.9179,100.0,win,1,25250.0,0,1,-0.0937,0.1538,0.8548,0.9191,2.1166,2.3548,0.648,40.9635,-0.1298,21,2,1.1616,0.3347
2026-04-10 10:10:00+00:00,2026-04-10 10:14:00+00:00,short,71713.5364,71780.8829,71780.8829,71578.8436,67.3464,-50.0,loss,0,25200.0,0,1,-0.0399,-0.0234,0.6472,0.9151,3.8515,2.1472,0.4429,33.8725,-0.2261,10,4,0.896,0.1848
2026-04-11 06:37:00+00:00,2026-04-11 08:51:00+00:00,long,72696.0636,72630.1171,72630.1171,72827.9564,65.9464,-50.0,loss,0,25150.0,1,0,0.0558,-0.0738,1.0093,1.6874,0.6032,2.6,0.9328,54.8373,-0.1418,6,5,1.0803,0.1924
2026-04-12 09:26:00+00:00,2026-04-12 09:38:00+00:00,long,71585.4029,71551.2457,71551.2457,71653.7171,34.1571,-50.0,loss,0,25100.0,1,0,0.0688,-0.054,0.6324,2.4419,0.8327,2.1386,0.0915,63.831,-0.3604,9,6,0.778,0.5882
2026-04-14 15:52:00+00:00,2026-04-14 16:21:00+00:00,long,75314.2786,75138.7571,75138.7571,75665.3214,175.5214,-50.0,loss,0,25050.0,1,0,0.0446,0.458,0.5511,7.733,6.1834,2.3651,0.6077,65.0663,0.6392,15,1,0.7666,0.5071
2026-04-15 06:13:00+00:00,2026-04-15 06:27:00+00:00,long,73955.7664,73871.6629,73871.6629,74123.9736,84.1036,-50.0,loss,0,25000.0,1,0,0.03,-0.2515,0.75,1.7302,0.0295,2.2526,0.5167,47.3541,-0.4595,6,2,0.8687,0.108
2026-04-16 05:58:00+00:00,2026-04-16 06:01:00+00:00,short,74990.2021,75050.3343,75050.3343,74869.9379,60.1321,-50.0,loss,0,24950.0,0,1,-0.0449,0.0897,0.7254,0.1665,1.2768,2.2254,0.6997,43.9286,0.2262,5,3,0.7851,0.2812
2026-04-16 09:47:00+00:00,2026-04-16 10:04:00+00:00,short,74656.9736,74515.7664,74727.5771,74515.7664,70.6036,100.0,win,1,25050.0,0,1,-0.1031,-0.1296,0.5928,1.7934,3.1095,2.0928,0.76,33.1202,-0.1596,9,3,0.9956,0.6897
2026-04-19 02:08:00+00:00,2026-04-19 02:24:00+00:00,long,75571.7771,75502.5343,75502.5343,75710.2629,69.2429,-50.0,loss,0,25000.0,1,0,0.0031,-0.0574,1.7618,1.4697,0.4569,3.2618,0.5148,43.6969,-0.0294,2,6,0.8443,0.0322
2026-04-20 04:11:00+00:00,2026-04-20 04:50:00+00:00,short,74481.9921,74548.9743,74548.9743,74348.0279,66.9821,-50.0,loss,0,24950.0,0,1,-0.1152,0.0756,0.7386,0.6885,1.9317,2.2386,0.7762,26.8854,0.2385,4,0,0.9137,0.4443
2026-04-20 21:45:00+00:00,2026-04-20 23:01:00+00:00,long,75882.585,75765.66,75765.66,76116.435,116.925,-50.0,loss,0,24900.0,1,0,0.1521,-0.2002,1.1461,1.3862,0.1472,2.6484,0.452,71.3809,0.9493,21,0,0.9672,0.1448
2026-04-22 05:52:00+00:00,2026-04-22 11:02:00+00:00,short,77992.1964,78233.4429,78233.4429,77509.7036,241.2464,-50.0,loss,0,24850.0,0,1,-0.2631,0.6295,0.5719,0.2161,0.8275,2.9797,0.7568,47.5853,0.8719,5,2,0.8142,0.5144
2026-04-23 01:40:00+00:00,2026-04-23 02:15:00+00:00,long,78247.8014,78079.7229,78079.7229,78583.9586,168.0786,-50.0,loss,0,24800.0,1,0,0.2386,-0.0772,0.9708,1.8916,0.4751,2.4723,0.7242,58.8041,0.1832,1,3,1.0868,0.2308
2026-04-23 04:07:00+00:00,2026-04-23 04:19:00+00:00,long,77665.4443,77862.5157,77566.9086,77862.5157,98.5357,100.0,win,1,24900.0,1,0,0.0094,-0.3151,0.5719,1.8483,0.3995,2.0719,0.1077,51.9706,-0.3618,4,3,0.7581,0.2546
2026-04-24 01:49:00+00:00,2026-04-24 02:52:00+00:00,long,78240.8636,78082.0171,78082.0171,78558.5564,158.8464,-50.0,loss,0,24850.0,1,0,0.2825,0.1334,1.4552,4.969,3.3038,3.0335,1.6853,71.7584,0.0385,1,4,1.2299,0.496
2026-04-27 21:15:00+00:00,2026-04-27 21:17:00+00:00,short,76826.5114,76893.0829,76893.0829,76693.3686,66.5714,-50.0,loss,0,24800.0,0,1,-0.0389,-0.0425,1.1507,3.8225,5.6422,2.6507,0.4981,35.545,-1.2584,21,0,1.0565,0.4686
2026-04-27 21:42:00+00:00,2026-04-27 21:43:00+00:00,long,76917.9064,76863.7029,76863.7029,77026.3136,54.2036,-50.0,loss,0,24750.0,1,1,0.0373,0.0757,1.1938,0.9982,0.1605,2.7189,0.4593,59.2574,-1.1308,21,0,0.8229,0.4479
2026-04-27 23:14:00+00:00,2026-04-27 23:16:00+00:00,short,76995.8664,77045.0629,77045.0629,76897.4736,49.1964,-50.0,loss,0,24700.0,0,1,-0.055,0.1194,0.7709,0.7339,1.6202,2.2709,0.5329,40.1512,-1.0114,23,0,0.7819,0.3272
2026-04-28 02:21:00+00:00,2026-04-28 02:25:00+00:00,long,77160.0193,77087.2086,77087.2086,77305.6407,72.8107,-50.0,loss,0,24650.0,1,0,0.0746,0.0213,0.7163,2.9353,1.2192,2.2194,0.7709,60.6,-0.1077,2,1,0.8472,0.3519
2026-04-28 12:08:00+00:00,2026-04-28 13:09:00+00:00,long,76218.5357,76070.5714,76070.5714,76514.4643,147.9643,-50.0,loss,0,24600.0,1,0,0.1041,-0.2991,1.4197,1.248,0.0237,2.9217,0.9094,59.759,-0.6494,12,1,0.9489,0.1561
2026-05-01 02:28:00+00:00,2026-05-01 02:56:00+00:00,short,76581.945,76482.795,76631.52,76482.795,49.575,100.0,win,1,24700.0,0,1,-0.0185,0.1124,0.8112,0.2564,2.1865,2.3112,0.6248,42.0342,0.0408,2,4,0.7958,0.3874
2026-05-02 18:22:00+00:00,2026-05-02 18:53:00+00:00,long,78347.0179,78429.8821,78305.5857,78429.8821,41.4321,100.0,win,1,24800.0,1,0,0.0826,-0.0286,0.6637,1.163,0.2339,2.6187,0.2284,64.0801,0.1064,18,5,1.3554,0.3459
2026-05-03 01:49:00+00:00,2026-05-03 02:00:00+00:00,long,78251.5514,78158.6229,78158.6229,78437.4086,92.9286,-50.0,loss,0,24750.0,1,0,0.1266,-0.2624,0.8988,2.3716,1.8533,3.0483,1.4454,59.6313,-0.154,1,6,0.8184,0.3088
2026-05-03 07:05:00+00:00,2026-05-03 09:39:00+00:00,long,78344.8479,78517.2121,78258.6657,78517.2121,86.1821,100.0,win,1,24850.0,1,1,0.094,0.2282,0.9262,6.7762,6.5538,2.4262,17.7796,77.0292,0.138,7,6,2.3538,0.7796
2026-05-05 06:57:00+00:00,2026-05-05 07:23:00+00:00,long,80888.2521,81018.8879,80822.9343,81018.8879,65.3179,100.0,win,1,24950.0,1,0,0.0574,0.1036,0.508,2.7557,2.2784,2.0111,0.1628,59.047,0.2207,6,1,1.0454,0.5042
2026-05-06 02:15:00+00:00,2026-05-06 02:32:00+00:00,short,81234.4271,81035.2129,81334.0343,81035.2129,99.6071,100.0,win,1,25050.0,0,1,-0.075,0.0824,1.2462,0.8685,2.4758,2.7462,1.2145,40.4007,0.1592,2,2,0.8331,0.4108
2026-05-07 05:39:00+00:00,2026-05-07 06:08:00+00:00,short,81012.425,80854.075,81091.6,80854.075,79.175,100.0,win,1,25150.0,0,1,-0.0678,0.0277,0.955,1.2682,2.645,2.455,0.4012,45.2241,0.004,5,3,1.1515,0.3962
2026-05-07 17:33:00+00:00,2026-05-07 17:54:00+00:00,short,79667.7164,79913.6629,79913.6629,79175.8236,245.9464,-50.0,loss,0,25100.0,0,0,-0.0473,-0.4273,1.0055,0.3637,2.5967,2.5055,0.8207,47.6352,-1.2225,17,3,1.7981,0.1372
